Invoice ID,Branch,City,Customer type,Gender
750-67-8428,A,Yangon,Member,Female
226-31-3081,C,Naypyitaw,,Female
631-41-3108,A,Yangon,,Male
123-19-1176,A,Yangon,Member,Male
373-73-7910,A,Yangon,Normal,Male
699-14-3026,C,Naypyitaw,Normal,Male
355-53-5943,A,Yangon,Member,Female
315-22-5665,C,Naypyitaw,Normal,Female
665-32-9167,A,Yangon,Member,Female
692-92-5582,B,Mandalay,,Female
351-62-0822,B,Mandalay,,Female
529-56-3974,B,Mandalay,Member,Male
365-64-0515,A,Yangon,Normal,Female
252-56-2699,A,Yangon,Normal,Male
829-34-3910,A,Yangon,,Female
299-46-1805,B,Mandalay,Member,Female
656-95-9349,A,Yangon,Member,Female
765-26-6951,A,Yangon,,Male
329-62-1586,A,Yangon,Normal,Male
319-50-3348,B,Mandalay,Normal,Female
300-71-4605,C,Naypyitaw,Member,Male
371-85-5789,B,Mandalay,Normal,Male
273-16-6619,B,Mandalay,Normal,Male
636-48-8204,A,Yangon,,Male
549-59-1358,A,Yangon,,Male
227-03-5010,A,Yangon,,Female
649-29-6775,B,Mandalay,Normal,Male
189-17-4241,A,Yangon,Normal,Female
145-94-9061,B,Mandalay,,Female
848-62-7243,A,Yangon,Normal,Male
871-79-8483,B,Mandalay,Normal,Male
149-71-6266,B,Mandalay,Member,Male
640-49-2076,B,Mandalay,Normal,Male
595-11-5460,A,Yangon,,Male
183-56-6882,C,Naypyitaw,Member,Female
232-16-2483,C,Naypyitaw,Member,Female
129-29-8530,A,Yangon,Member,Male
272-65-1806,A,Yangon,Normal,Female
333-73-7901,C,Naypyitaw,Normal,Female
777-82-7220,B,Mandalay,Member,Male
280-35-5823,B,Mandalay,,Female
554-53-8700,C,Naypyitaw,,Male
354-25-5821,B,Mandalay,Member,Female
228-96-1411,C,Naypyitaw,,Female
617-15-4209,C,Naypyitaw,Member,Male
132-32-9879,B,Mandalay,Member,Female
370-41-7321,B,Mandalay,Member,Male
727-46-3608,B,Mandalay,Member,Female
669-54-1719,B,Mandalay,Member,Male
574-22-5561,C,Naypyitaw,,Female
326-78-5178,C,Naypyitaw,Member,Male
162-48-8011,A,Yangon,Member,Female
616-24-2851,B,Mandalay,Member,Female
778-71-5554,C,Naypyitaw,,Male
242-55-6721,B,Mandalay,Normal,Male
399-46-5918,C,Naypyitaw,Normal,Female
106-35-6779,A,Yangon,Member,Male
635-40-6220,A,Yangon,,Male
817-48-8732,A,Yangon,Member,Female
120-06-4233,C,Naypyitaw,Normal,Male
285-68-5083,C,Naypyitaw,Member,Female
803-83-5989,C,Naypyitaw,Normal,Male
347-34-2234,B,Mandalay,Member,Female
199-75-8169,A,Yangon,,Male
853-23-2453,B,Mandalay,Member,Male
877-22-3308,A,Yangon,Member,Male
838-78-4295,C,Naypyitaw,Normal,Female
109-28-2512,B,Mandalay,Member,Female
232-11-3025,A,Yangon,Normal,Male
382-03-4532,A,Yangon,Member,Female
393-65-2792,C,Naypyitaw,Normal,Male
796-12-2025,C,Naypyitaw,Normal,Male
510-95-6347,B,Mandalay,Member,Female
841-35-6630,C,Naypyitaw,Normal,Female
287-21-9091,A,Yangon,Normal,Male
732-94-0499,C,Naypyitaw,Normal,Female
263-10-3913,C,Naypyitaw,,Male
381-20-0914,A,Yangon,Member,Female
829-49-1914,C,Naypyitaw,Member,Female
756-01-7507,C,Naypyitaw,,Female
870-72-4431,C,Naypyitaw,Normal,Female
847-38-7188,B,Mandalay,Normal,Female
480-63-2856,C,Naypyitaw,,Male
787-56-0757,C,Naypyitaw,Member,Female
360-39-5055,C,Naypyitaw,Member,Male
730-50-9884,C,Naypyitaw,Normal,Female
362-58-8315,C,Naypyitaw,Normal,Male
633-44-8566,A,Yangon,Member,Male
504-35-8843,A,Yangon,Normal,Male
318-68-5053,B,Mandalay,Normal,Female
565-80-5980,C,Naypyitaw,Member,Female
225-32-0908,C,Naypyitaw,Normal,Female
873-51-0671,A,Yangon,Member,Female
152-08-9985,B,Mandalay,Member,Male
512-91-0811,C,Naypyitaw,Normal,Male
594-34-4444,A,Yangon,Normal,Male
766-85-7061,B,Mandalay,Normal,Male
871-39-9221,C,Naypyitaw,,Female
865-92-6136,A,Yangon,Normal,Male
733-01-9107,B,Mandalay,Normal,Male
163-56-7055,C,Naypyitaw,Member,Male
189-98-2939,C,Naypyitaw,,Male
551-21-3069,C,Naypyitaw,Normal,Female
212-62-1842,A,Yangon,Normal,Male
716-39-1409,B,Mandalay,Normal,Male
704-48-3927,A,Yangon,Member,Male
628-34-3388,C,Naypyitaw,Normal,Male
630-74-5166,A,Yangon,Normal,Male
588-01-7461,C,Naypyitaw,Normal,Female
861-77-0145,C,Naypyitaw,,Male
479-26-8945,B,Mandalay,Member,Female
210-67-5886,C,Naypyitaw,Member,Female
227-78-1148,B,Mandalay,Normal,Female
645-44-1170,A,Yangon,Member,Male
237-01-6122,C,Naypyitaw,,Female
225-98-1496,C,Naypyitaw,Normal,Female
291-32-1427,B,Mandalay,Member,Male
659-65-8956,B,Mandalay,,Male
642-32-2990,A,Yangon,Normal,Female
378-24-2715,B,Mandalay,Normal,Male
638-60-7125,A,Yangon,Normal,Female
659-36-1684,C,Naypyitaw,Member,Male
219-22-9386,B,Mandalay,Member,Male
336-78-2147,C,Naypyitaw,Member,Male
268-27-6179,B,Mandalay,Member,Female
668-90-8900,A,Yangon,Normal,Female
870-54-3162,A,Yangon,Normal,Female
189-08-9157,C,Naypyitaw,Normal,Female
663-86-9076,C,Naypyitaw,Member,Female
549-84-7482,B,Mandalay,Normal,Female
191-10-6171,B,Mandalay,Normal,Female
802-70-5316,A,Yangon,Member,Female
695-51-0018,B,Mandalay,Normal,Female
590-83-4591,B,Mandalay,Member,Male
483-71-1164,C,Naypyitaw,Normal,Female
597-78-7908,C,Naypyitaw,Normal,Male
700-81-1757,A,Yangon,Normal,Female
354-39-5160,A,Yangon,Member,Female
241-72-9525,B,Mandalay,Normal,Male
575-30-8091,A,Yangon,Normal,Male
731-81-9469,C,Naypyitaw,Member,Female
280-17-4359,C,Naypyitaw,Member,Male
338-65-2210,C,Naypyitaw,Member,Female
488-25-4221,C,Naypyitaw,,Female
239-10-7476,A,Yangon,Normal,Female
458-41-1477,C,Naypyitaw,Normal,Female
685-64-1609,A,Yangon,Member,Female
568-90-5112,C,Naypyitaw,,Male
262-47-2794,B,Mandalay,Member,Male
238-49-0436,A,Yangon,Normal,Male
608-96-3517,B,Mandalay,Member,Female
584-86-7256,C,Naypyitaw,Member,Male
746-94-0204,A,Yangon,Normal,Male
214-17-6927,C,Naypyitaw,,Female
400-89-4171,C,Naypyitaw,Normal,Female
782-95-9291,A,Yangon,Member,Male
279-74-2924,B,Mandalay,Member,Male
307-85-2293,B,Mandalay,Normal,Male
743-04-1105,B,Mandalay,Member,Male
423-57-2993,B,Mandalay,Normal,Male
894-41-5205,C,Naypyitaw,,Female
275-28-0149,A,Yangon,Normal,Male
101-17-6199,A,Yangon,Normal,Male
423-80-0988,C,Naypyitaw,Normal,Male
548-46-9322,B,Mandalay,Normal,Male
505-02-0892,B,Mandalay,Member,Male
234-65-2137,C,Naypyitaw,Normal,Male
687-47-8271,A,Yangon,Normal,Male
796-32-9050,A,Yangon,Normal,Male
105-31-1824,A,Yangon,,Male
249-42-3782,A,Yangon,Normal,Male
316-55-4634,B,Mandalay,Member,Male
733-33-4967,C,Naypyitaw,Normal,Male
608-27-6295,B,Mandalay,Member,Male
414-12-7047,B,Mandalay,Normal,Male
827-26-2100,A,Yangon,Member,Male
175-54-2529,A,Yangon,Member,Male
139-52-2867,C,Naypyitaw,Normal,Female
407-63-8975,A,Yangon,,Male
342-65-4817,C,Naypyitaw,Member,Male
130-98-8941,C,Naypyitaw,Normal,Male
434-83-9547,C,Naypyitaw,,Male
851-28-6367,A,Yangon,Member,Male
824-88-3614,C,Naypyitaw,,Male
586-25-0848,A,Yangon,Normal,Female
895-66-0685,B,Mandalay,,Male
305-14-0245,B,Mandalay,Member,Female
732-04-5373,B,Mandalay,Member,Male
400-60-7251,A,Yangon,Normal,Male
593-65-1552,C,Naypyitaw,Normal,Female
284-34-9626,B,Mandalay,Normal,Female
437-58-8131,B,Mandalay,Normal,Female
286-43-6208,C,Naypyitaw,Normal,Female
641-43-2399,B,Mandalay,Normal,Male
831-07-6050,A,Yangon,Normal,Male
556-86-3144,C,Naypyitaw,Member,Female
848-24-9445,C,Naypyitaw,Member,Male
856-22-8149,A,Yangon,Normal,Female
699-01-4164,C,Naypyitaw,Normal,Male
420-11-4919,C,Naypyitaw,Member,Female
606-80-4905,C,Naypyitaw,Member,Female
542-41-0513,B,Mandalay,Member,Female
426-39-2418,C,Naypyitaw,Normal,Male
875-46-5808,B,Mandalay,Member,Male
394-43-4238,B,Mandalay,Member,Male
749-24-1565,A,Yangon,,Female
672-51-8681,C,Naypyitaw,,Female
263-87-5680,C,Naypyitaw,Member,Female
573-58-9734,B,Mandalay,Normal,Female
817-69-8206,B,Mandalay,Normal,Female
888-02-0338,A,Yangon,,Male
677-11-0152,C,Naypyitaw,Normal,Female
142-63-6033,B,Mandalay,Normal,Male
656-16-1063,B,Mandalay,Normal,Male
891-58-8335,B,Mandalay,Member,Female
802-43-8934,A,Yangon,,Male
560-30-5617,B,Mandalay,,Female
319-74-2561,A,Yangon,Member,Female
549-03-9315,B,Mandalay,Normal,Male
790-29-1172,B,Mandalay,Normal,Female
239-36-3640,B,Mandalay,Normal,Male
468-01-2051,B,Mandalay,Normal,Male
389-25-3394,C,Naypyitaw,Normal,Male
279-62-1445,C,Naypyitaw,,Female
213-72-6612,A,Yangon,Normal,Male
746-68-6593,C,Naypyitaw,Member,Female
836-82-5858,B,Mandalay,Member,Male
583-72-1480,C,Naypyitaw,,Male
466-61-5506,B,Mandalay,,Female
721-86-6247,A,Yangon,Normal,Female
289-65-5721,B,Mandalay,Normal,Female
545-46-3100,B,Mandalay,Member,Female
418-02-5978,B,Mandalay,Normal,Female
269-04-5750,B,Mandalay,Member,Male
157-13-5295,A,Yangon,Member,Male
645-78-8093,A,Yangon,Normal,Female
211-30-9270,C,Naypyitaw,Normal,Male
755-12-3214,C,Naypyitaw,Member,Female
346-84-3103,B,Mandalay,Member,Female
478-06-7835,A,Yangon,,Male
540-11-4336,A,Yangon,Normal,Male
448-81-5016,A,Yangon,,Male
142-72-4741,C,Naypyitaw,Member,Male
217-58-1179,A,Yangon,Member,Male
376-02-8238,B,Mandalay,,Male
530-90-9855,A,Yangon,Member,Male
866-05-7563,B,Mandalay,Member,Female
604-70-6476,A,Yangon,Member,Male
799-71-1548,A,Yangon,Member,Male
785-13-7708,B,Mandalay,,Male
,,,95,
,,,156,