"","Invoice.ID","Product.line","Unit.price","Quantity","Date","Time","Payment","cogs","gross.income","Rating","Quantity.Disc","Unit.Price.Disc","Rating.Disc","total_price","tax_5percent"
"1","750-67-8428","Health and beauty",74.69,7,"1/5/2019","13:08","Ewallet",522.83,26.1415,9.1,"Banyak","Sedang","Sangat Bagus",0.522164009577799,0.522164009577799
"2","226-31-3081","Electronic accessories",15.28,5,"3/8/2019","10:29","Cash",76.4,3.82,9.6,"Sedang","Sangat Murah","Sangat Bagus",0.0653459672963183,0.0653459672963183
"3","631-41-3108","Home and lifestyle",46.33,7,"3/3/2019","13:23","",324.31,17.7427113636364,7.4,"Banyak","Murah","Normal",0.319024619855514,0.319024619855514
"4","123-19-1176","Health and beauty",58.22,8,"1/27/2019","20:33","Ewallet",465.76,23.288,8.4,"Sangat Banyak","Sedang","Bagus",0.463766039743773,0.463766039743772
"5","373-73-7910","Sports and travel",86.31,7,"2/8/2019","10:37","Ewallet",604.17,30.2085,6.5,"Banyak","Mahal","Normal",0.605396721445675,0.605396721445675
"6","699-14-3026","Electronic accessories",85.39,7,"3/25/2019","18:30","",597.73,29.8865,4.1,"Banyak","Mahal","Sangat Buruk",0.598806868182469,0.598806868182469
"7","355-53-5943","Electronic accessories",68.84,6,"2/25/2019","14:36","Ewallet",413.04,20.652,6.5,"Banyak","Sedang","Normal",0.409819290669832,0.409819290669832
"8","315-22-5665","Home and lifestyle",73.56,10,"2/24/2019","11:38","Ewallet",735.6,36.78,8,"Sangat Banyak","Sedang","Bagus",0.739884984548636,0.739884984548636
"9","665-32-9167","Health and beauty",36.26,2,"1/10/2019","17:15","Credit card",72.52,3.626,7.2,"Sedikit","Murah","Normal",0.0613756830321511,0.061375683032151
"10","692-92-5582","Food and beverages",54.84,3,"2/20/2019","13:27","Credit card",164.52,8.226,5.9,"Sedikit","Murah","Buruk",0.155516443935084,0.155516443935083
"11","351-62-0822","Fashion accessories",14.48,4,"2/6/2019","18:07","Ewallet",57.92,2.896,4.5,"Sedang","Sangat Murah","Sangat Buruk",0.0464359535845118,0.0464359535845117
"12","529-56-3974","Electronic accessories",25.51,4,"3/9/2019","17:03","Cash",102.04,17.7427113636364,6.8,"Sedang","Sangat Murah","Normal",0.0915825880523095,0.0915825880523094
"13","365-64-0515","Electronic accessories",46.95,5,"2/12/2019","10:25","",234.75,11.7375,7.1,"Sedang","Murah","Normal",0.22738063565479,0.22738063565479
"14","252-56-2699","Food and beverages",43.19,10,"2/7/2019","16:48","Ewallet",431.9,21.595,8.2,"Sangat Banyak","Murah","Bagus",0.429118146654933,0.429118146654933
"15","829-34-3910","Health and beauty",71.38,10,"3/29/2019","19:21","Cash",713.8,35.69,6.5,"Sangat Banyak","Sedang","Normal",0.717577717291202,0.717577717291201
"16","299-46-1805","Sports and travel",93.72,6,"1/15/2019","16:19","Cash",562.32,28.116,4.5,"Banyak","Mahal","Sangat Buruk",0.562572907926242,0.562572907926241
"17","656-95-9349","Health and beauty",68.93,7,"3/11/2019","11:03","Credit card",482.51,24.1255,4.6,"Banyak","Sedang","Sangat Buruk",0.480905797842949,0.480905797842948
"18","765-26-6951","Sports and travel",72.61,6,"1/1/2019","10:39","Credit card",435.66,21.783,6.5,"Banyak","Sedang","Normal",0.43296563862227,0.43296563862227
"19","329-62-1586","Food and beverages",54.67,3,"1/21/2019","18:00","",164.01,17.7427113636364,8.6,"Sedikit","Murah","Bagus",0.154994576673557,0.154994576673556
"20","319-50-3348","Home and lifestyle",40.3,2,"3/11/2019","15:30","Ewallet",80.6,4.03,4.4,"Sedikit","Murah","Sangat Buruk",0.0696436976853652,0.069643697685365
"21","300-71-4605","Electronic accessories",86.04,5,"2/25/2019","11:24","Ewallet",430.2,21.51,4.8,"Sedang","Mahal","Sangat Buruk",0.427378589116509,0.427378589116509
"22","371-85-5789","Health and beauty",87.98,3,"3/5/2019","10:40","Ewallet",263.94,13.197,5.1,"Sedikit","Mahal","Sangat Buruk",0.257249861858666,0.257249861858665
"23","273-16-6619","Home and lifestyle",33.2,2,"3/15/2019","12:20","",66.4,3.32,4.4,"Sedikit","Murah","Sangat Buruk",0.0551132758938256,0.0551132758938256
"24","636-48-8204","Electronic accessories",34.56,5,"2/17/2019","11:15","Ewallet",172.8,8.64,9.9,"Sedang","Murah","Sangat Bagus",0.163989112416348,0.163989112416348
"25","549-59-1358","Sports and travel",88.63,3,"3/2/2019","17:36","Ewallet",265.89,13.2945,6,"Sedikit","Mahal","Buruk",0.259245236682152,0.259245236682152
"26","227-03-5010","Home and lifestyle",52.59,8,"3/22/2019","19:20","Credit card",420.72,21.036,8.5,"Sangat Banyak","Murah","Bagus",0.417677997666946,0.417677997666945
"27","649-29-6775","Fashion accessories",33.52,1,"2/8/2019","15:31","Cash",33.52,1.676,6.7,"Sedikit","Murah","Normal",0.0214681865624296,0.0214681865624296
"28","189-17-4241","Fashion accessories",87.67,2,"3/10/2019","12:17","Credit card",175.34,8.767,7.7,"Sedikit","Mahal","Bagus",0.166588216032581,0.16658821603258
"29","145-94-9061","Food and beverages",88.36,5,"1/25/2019","19:48","Cash",441.8,22.09,9.6,"Sedang","Mahal","Sangat Bagus",0.439248511143401,0.4392485111434
"30","848-62-7243","Health and beauty",24.89,9,"3/15/2019","15:36","Cash",224.01,17.7427113636364,7.4,"Sangat Banyak","Sangat Murah","Normal",0.216390725088513,0.216390725088512
"31","871-79-8483","Fashion accessories",94.13,5,"2/25/2019","19:39","Credit card",470.65,17.7427113636364,4.8,"Sedang","Mahal","Sangat Buruk",0.468769825839592,0.468769825839592
"32","149-71-6266","Sports and travel",78.07,9,"1/28/2019","12:43","Cash",702.63,35.1315,4.5,"Sangat Banyak","Mahal","Sangat Buruk",0.706147800994617,0.706147800994617
"33","640-49-2076","Sports and travel",83.78,8,"1/10/2019","14:49","Cash",670.24,33.512,5.1,"Sangat Banyak","Mahal","Sangat Buruk",0.673004113541944,0.673004113541943
"34","595-11-5460","Health and beauty",96.58,2,"3/15/2019","10:12","Credit card",193.16,17.7427113636364,5.1,"Sedikit","Mahal","Sangat Buruk",0.184822872111823,0.184822872111823
"35","183-56-6882","Food and beverages",99.42,4,"2/6/2019","10:42","Ewallet",397.68,19.884,7.5,"Sedang","Mahal","Normal",0.394101876675603,0.394101876675602
"36","232-16-2483","Sports and travel",68.12,1,"1/7/2019","12:28","Ewallet",68.12,3.406,6.8,"Sedikit","Sedang","Normal",0.0568732988150543,0.0568732988150543
"37","129-29-8530","Sports and travel",62.62,5,"3/10/2019","19:15","Ewallet",313.1,15.655,7,"Sedang","Sedang","Normal",0.30755377279332,0.30755377279332
"38","272-65-1806","Electronic accessories",60.88,9,"1/15/2019","17:17","Ewallet",547.92,27.396,4.7,"Sangat Banyak","Sedang","Sangat Buruk",0.547837832306653,0.547837832306653
"39","333-73-7901","Health and beauty",54.92,8,"3/23/2019","13:24","Ewallet",439.36,21.968,7.6,"Sangat Banyak","Murah","Bagus",0.436751734441193,0.436751734441192
"40","777-82-7220","Home and lifestyle",30.12,8,"3/3/2019","13:01","Cash",240.96,12.048,7.7,"Sangat Banyak","Sangat Murah","Bagus",0.233735137015738,0.233735137015737
"41","280-35-5823","Home and lifestyle",86.72,1,"1/17/2019","18:45","Ewallet",86.72,4.336,7.9,"Sedikit","Mahal","Bagus",0.0759061048236907,0.0759061048236905
"42","554-53-8700","Home and lifestyle",56.11,2,"2/2/2019","10:11","Cash",112.22,5.611,6.3,"Sedikit","Sedang","Buruk",0.101999467900047,0.101999467900047
"43","354-25-5821","Sports and travel",69.12,6,"2/8/2019","13:03","Cash",414.72,20.736,5.6,"Banyak","Sedang","Buruk",0.411538382825451,0.411538382825451
"44","228-96-1411","Food and beverages",98.7,8,"3/4/2019","20:39","",789.6,39.48,7.6,"Sangat Banyak","Mahal","Bagus",0.795141518122096,0.795141518122095
"45","617-15-4209","Health and beauty",15.37,2,"3/16/2019","19:47","Cash",30.74,1.537,7.2,"Sedikit","Sangat Murah","Normal",0.0186234983525367,0.0186234983525367
"46","132-32-9879","Electronic accessories",93.96,4,"3/9/2019","18:00","Cash",375.84,18.792,9.5,"Sedang","Mahal","Sangat Bagus",0.371753678652559,0.371753678652559
"47","370-41-7321","Health and beauty",56.69,9,"2/27/2019","17:24","",510.21,17.7427113636364,8.4,"Sangat Banyak","Sedang","Bagus",0.509250353027853,0.509250353027853
"48","727-46-3608","Food and beverages",20.01,9,"2/6/2019","15:47","Ewallet",180.09,17.7427113636364,4.1,"Sangat Banyak","Sangat Murah","Sangat Buruk",0.171448744448765,0.171448744448765
"49","669-54-1719","Electronic accessories",18.93,6,"2/10/2019","12:45","Credit card",113.58,5.679,8.1,"Banyak","Sangat Murah","Bagus",0.103391113930786,0.103391113930786
"50","574-22-5561","Fashion accessories",82.63,10,"3/19/2019","17:08","Ewallet",826.3,41.315,7.9,"Sangat Banyak","Mahal","Bagus",0.832695495569244,0.832695495569244
"51","326-78-5178","Food and beverages",91.4,7,"2/3/2019","10:19","Cash",639.8,31.99,9.5,"Banyak","Mahal","Sangat Bagus",0.641855800912756,0.641855800912755
"52","162-48-8011","Food and beverages",44.59,5,"2/10/2019","15:10","Cash",222.95,17.7427113636364,8.5,"Sedang","Murah","Bagus",0.215306059799849,0.215306059799848
"53","616-24-2851","Fashion accessories",17.87,4,"3/22/2019","14:42","Ewallet",71.48,3.574,6.5,"Sedang","Sangat Murah","Normal",0.0603114831262919,0.0603114831262917
"54","778-71-5554","Fashion accessories",15.43,1,"1/25/2019","15:46","Credit card",15.43,0.7715,6.1,"Sedikit","Sangat Murah","Buruk",0.00295724781532038,0.00295724781532036
"55","242-55-6721","Home and lifestyle",16.16,2,"3/7/2019","11:49","Ewallet",32.32,1.616,6.5,"Sedikit","Sangat Murah","Normal",0.0202402635941305,0.0202402635941305
"56","399-46-5918","Electronic accessories",85.98,8,"2/28/2019","19:01","",687.84,34.392,8.2,"Sangat Banyak","Mahal","Bagus",0.691013650410331,0.69101365041033
"57","106-35-6779","Home and lifestyle",44.34,2,"3/27/2019","11:26","Cash",88.68,4.434,5.8,"Sedikit","Murah","Buruk",0.0779117123385793,0.077911712338579
"58","635-40-6220","Health and beauty",89.6,8,"2/7/2019","11:28","",716.8,35.84,6.6,"Sangat Banyak","Mahal","Normal",0.720647524711949,0.720647524711949
"59","817-48-8732","Home and lifestyle",72.35,10,"1/20/2019","15:55","Cash",723.5,36.175,5.4,"Sangat Banyak","Sedang","Buruk",0.72750342795162,0.727503427951619
"60","120-06-4233","Electronic accessories",30.61,6,"3/12/2019","20:36","Cash",183.66,17.7427113636364,9.3,"Banyak","Sangat Murah","Sangat Bagus",0.175101815279455,0.175101815279455
"61","285-68-5083","Sports and travel",24.74,3,"2/15/2019","17:47","Credit card",74.22,3.711,10,"Sedikit","Sangat Murah","Sangat Bagus",0.0631152405705749,0.0631152405705747
"62","803-83-5989","Home and lifestyle",55.73,6,"2/24/2019","10:55","Ewallet",334.38,16.719,7,"Banyak","Sedang","Normal",0.329328940097824,0.329328940097824
"63","347-34-2234","Sports and travel",55.07,9,"2/3/2019","13:40","Ewallet",495.63,24.7815,10,"Sangat Banyak","Murah","Sangat Bagus",0.494331088963019,0.494331088963019
"64","199-75-8169","Sports and travel",15.81,10,"3/6/2019","12:27","Credit card",158.1,7.905,8.6,"Sangat Banyak","Sangat Murah","Bagus",0.148947056054683,0.148947056054683
"65","853-23-2453","Health and beauty",75.74,4,"2/14/2019","14:35","Cash",302.96,17.7427113636364,7.6,"Sedang","Sedang","Bagus",0.297177823711192,0.297177823711192
"66","877-22-3308","Health and beauty",15.87,10,"3/13/2019","16:40","",158.7,7.935,5.8,"Sangat Banyak","Sangat Murah","Buruk",0.149561017538833,0.149561017538833
"67","838-78-4295","Health and beauty",33.47,2,"2/10/2019","15:43","Ewallet",66.94,3.347,6.7,"Sedikit","Murah","Normal",0.0556658412295602,0.0556658412295602
"68","109-28-2512","Fashion accessories",97.61,6,"1/7/2019","15:01","Ewallet",585.66,29.283,9.9,"Banyak","Mahal","Sangat Bagus",0.58645600965966,0.586456009659659
"69","232-11-3025","Sports and travel",78.77,10,"1/24/2019","10:04","Cash",787.7,39.385,6.5,"Sangat Banyak","Mahal","Normal",0.793197306755622,0.793197306755621
"70","382-03-4532","Health and beauty",18.33,1,"2/2/2019","18:50","Cash",18.33,0.9165,4.3,"Sedikit","Sangat Murah","Sangat Buruk",0.00592472832204326,0.00592472832204322
"71","393-65-2792","Food and beverages",89.48,10,"1/6/2019","12:46","Credit card",894.8,44.74,9.6,"Sangat Banyak","Mahal","Sangat Bagus",0.902789431676319,0.902789431676317
"72","796-12-2025","Fashion accessories",62.12,10,"2/11/2019","16:19","Cash",621.2,31.06,6.5,"Sangat Banyak","Sedang","Normal",0.62282299490412,0.622822994904119
"73","510-95-6347","Food and beverages",48.52,3,"3/5/2019","18:17","Ewallet",145.56,7.278,4,"Sedikit","Murah","Sangat Buruk",0.136115261035958,0.136115261035958
"74","841-35-6630","Electronic accessories",75.91,6,"3/9/2019","18:21","Cash",455.46,22.773,8.7,"Banyak","Sedang","Bagus",0.453226367599206,0.453226367599205
"75","287-21-9091","Home and lifestyle",74.67,9,"1/22/2019","10:55","",672.03,33.6015,9.4,"Sangat Banyak","Sedang","Sangat Bagus",0.67483576530299,0.674835765302988
"76","732-94-0499","Electronic accessories",41.65,10,"1/13/2019","17:04","Credit card",416.5,20.825,5.4,"Sangat Banyak","Murah","Buruk",0.413359801895094,0.413359801895094
"77","263-10-3913","Fashion accessories",49.04,9,"1/9/2019","14:20","Credit card",441.36,17.7427113636364,8.6,"Sangat Banyak","Murah","Bagus",0.438798272721691,0.438798272721691
"78","381-20-0914","Fashion accessories",20.01,9,"1/12/2019","15:48","Credit card",180.09,17.7427113636364,5.7,"Sangat Banyak","Sangat Murah","Buruk",0.171448744448765,0.171448744448765
"79","829-49-1914","Food and beverages",78.31,10,"3/5/2019","16:24","Ewallet",783.1,39.155,6.6,"Sangat Banyak","Mahal","Normal",0.788490268710476,0.788490268710476
"80","756-01-7507","Health and beauty",20.38,5,"1/22/2019","18:56","Cash",101.9,5.095,6,"Sedang","Sangat Murah","Buruk",0.0914393303726746,0.0914393303726744
"81","870-72-4431","Health and beauty",99.19,6,"1/21/2019","14:42","Credit card",595.14,29.757,5.5,"Banyak","Mahal","Buruk",0.596156601109224,0.596156601109224
"82","847-38-7188","Food and beverages",96.68,3,"1/26/2019","19:56","Ewallet",290.04,14.502,6.4,"Sedikit","Mahal","Normal",0.283957186419172,0.283957186419171
"83","480-63-2856","Food and beverages",19.25,8,"1/23/2019","18:37","Ewallet",154,7.7,6.6,"Sangat Banyak","Sangat Murah","Normal",0.144751652579661,0.144751652579661
"84","787-56-0757","Food and beverages",80.36,4,"2/23/2019","18:45","Credit card",321.44,16.072,8.3,"Sedang","Mahal","Bagus",0.316087837422999,0.316087837422998
"85","360-39-5055","Sports and travel",48.91,5,"3/9/2019","10:17","Cash",244.55,12.2275,6.6,"Sedang","Murah","Normal",0.237408673229233,0.237408673229232
"86","730-50-9884","Sports and travel",83.06,7,"3/5/2019","14:31","Ewallet",581.42,29.071,4,"Banyak","Mahal","Sangat Buruk",0.582117348505004,0.582117348505003
"87","362-58-8315","Fashion accessories",76.52,5,"3/25/2019","10:23","Cash",382.6,19.13,9.9,"Sedang","Sedang","Sangat Bagus",0.378670978040644,0.378670978040643
"88","633-44-8566","Food and beverages",49.38,7,"3/27/2019","20:35","Credit card",345.66,17.283,7.3,"Banyak","Murah","Normal",0.340871415999836,0.340871415999836
"89","504-35-8843","Sports and travel",42.47,1,"1/2/2019","16:57","Cash",42.47,2.1235,5.7,"Sedikit","Murah","Buruk",0.0306264453676606,0.0306264453676605
"90","318-68-5053","Health and beauty",76.99,6,"2/27/2019","17:55","Cash",461.94,23.097,6.1,"Banyak","Sedang","Buruk",0.459857151628021,0.459857151628021
"91","565-80-5980","Home and lifestyle",47.38,4,"1/23/2019","10:25","Cash",189.52,9.476,7.1,"Sedang","Murah","Normal",0.181098172441315,0.181098172441315
"92","225-32-0908","Sports and travel",44.86,10,"1/26/2019","19:54","Ewallet",448.6,22.43,8.2,"Sangat Banyak","Murah","Bagus",0.446206741297096,0.446206741297095
"93","873-51-0671","Sports and travel",21.98,7,"1/10/2019","16:42","",153.86,17.7427113636364,5.1,"Banyak","Sangat Murah","Sangat Buruk",0.144608394900027,0.144608394900026
"94","152-08-9985","Health and beauty",64.36,9,"3/12/2019","12:09","Credit card",579.24,28.962,8.6,"Sangat Banyak","Sedang","Bagus",0.57988662177926,0.579886621779259
"95","512-91-0811","Health and beauty",89.75,1,"2/6/2019","20:05","Credit card",89.75,4.4875,6.6,"Sedikit","Mahal","Normal",0.079006610318646,0.0790066103186457
"96","594-34-4444","Electronic accessories",97.16,1,"3/8/2019","20:38","",97.16,4.858,7.2,"Sedikit","Mahal","Normal",0.0865890346478931,0.0865890346478929
"97","766-85-7061","Health and beauty",87.87,10,"3/29/2019","10:25","Ewallet",878.7,43.935,5.1,"Sangat Banyak","Mahal","Sangat Buruk",0.886314798518306,0.886314798518305
"98","871-39-9221","Electronic accessories",12.45,6,"2/9/2019","13:11","Cash",74.7,3.735,4.1,"Banyak","Sangat Murah","Sangat Buruk",0.0636064097578945,0.0636064097578943
"99","865-92-6136","Food and beverages",52.75,3,"3/23/2019","10:16","",158.25,7.9125,9.3,"Sedikit","Murah","Sangat Bagus",0.149100546425721,0.14910054642572
"100","733-01-9107","Home and lifestyle",82.7,6,"3/5/2019","18:14","Cash",496.2,24.81,7.4,"Banyak","Mahal","Normal",0.494914352372961,0.494914352372961
"101","163-56-7055","Fashion accessories",48.71,1,"3/26/2019","19:20","Cash",48.71,2.4355,4.1,"Sedikit","Murah","Sangat Buruk",0.037011644802816,0.037011644802816
"102","189-98-2939","Fashion accessories",78.55,9,"3/1/2019","13:22","",706.95,35.3475,7.2,"Sangat Banyak","Mahal","Normal",0.710568323680494,0.710568323680494
"103","551-21-3069","Electronic accessories",23.07,9,"2/1/2019","11:27","Cash",207.63,10.3815,4.9,"Sangat Banyak","Sangat Murah","Sangat Buruk",0.19962957657123,0.19962957657123
"104","212-62-1842","Food and beverages",58.26,6,"3/28/2019","16:44","Cash",349.56,17.478,9.9,"Banyak","Sedang","Sangat Bagus",0.344862165646808,0.344862165646808
"105","716-39-1409","Health and beauty",30.35,7,"3/19/2019","18:19","Cash",212.45,10.6225,8,"Banyak","Sangat Murah","Bagus",0.204561733827231,0.204561733827231
"106","704-48-3927","Electronic accessories",88.67,10,"1/12/2019","14:50","Ewallet",886.7,44.335,7.3,"Sangat Banyak","Mahal","Normal",0.8945009516403,0.894500951640299
"107","628-34-3388","Fashion accessories",27.38,6,"1/5/2019","20:54","",164.28,8.214,7.9,"Banyak","Sangat Murah","Bagus",0.155270859341424,0.155270859341424
"108","630-74-5166","Sports and travel",62.13,6,"3/22/2019","20:19","Cash",372.78,17.7427113636364,7.4,"Banyak","Sedang","Normal",0.368622475083396,0.368622475083396
"109","588-01-7461","Food and beverages",33.98,9,"3/24/2019","10:43","Cash",305.82,15.291,4.2,"Sangat Banyak","Murah","Sangat Buruk",0.300104373452305,0.300104373452305
"110","861-77-0145","Electronic accessories",81.97,10,"3/3/2019","14:30","Cash",819.7,40.985,9.2,"Sangat Banyak","Mahal","Sangat Bagus",0.825941919243599,0.825941919243598
"111","479-26-8945","Sports and travel",16.49,2,"2/5/2019","11:32","Ewallet",32.98,1.649,4.6,"Sedikit","Sangat Murah","Sangat Buruk",0.020915621226695,0.020915621226695
"112","210-67-5886","Health and beauty",98.21,3,"2/5/2019","10:41","Credit card",294.63,14.7315,7.8,"Sedikit","Mahal","Bagus",0.288653991772916,0.288653991772916
"113","227-78-1148","Fashion accessories",72.84,7,"2/15/2019","12:44","Cash",509.88,25.494,8.4,"Banyak","Sedang","Bagus",0.508912674211571,0.50891267421157
"114","645-44-1170","Home and lifestyle",58.07,9,"1/19/2019","20:07","Ewallet",522.63,26.1315,4.3,"Sangat Banyak","Sedang","Sangat Buruk",0.521959355749749,0.521959355749749
"115","237-01-6122","Home and lifestyle",80.79,9,"2/1/2019","20:31","Credit card",727.11,36.3555,9.5,"Sangat Banyak","Mahal","Sangat Bagus",0.731197429547919,0.731197429547918
"116","225-98-1496","Fashion accessories",27.02,3,"3/2/2019","13:01","Credit card",81.06,4.053,7.1,"Sedikit","Sangat Murah","Normal",0.0701144014898799,0.0701144014898796
"117","291-32-1427","Fashion accessories",21.94,5,"3/5/2019","12:29","",109.7,5.485,6.5,"Sedang","Sangat Murah","Normal",0.0994208296666189,0.0994208296666186
"118","659-65-8956","Fashion accessories",51.36,1,"1/16/2019","15:26","Ewallet",51.36,2.568,6.5,"Sedikit","Murah","Normal",0.0397233080244766,0.0397233080244766
"119","642-32-2990","Food and beverages",10.96,10,"2/2/2019","20:48","Ewallet",109.6,5.48,6,"Sangat Banyak","Sangat Murah","Buruk",0.099318502752594,0.0993185027525938
"120","378-24-2715","Home and lifestyle",53.44,2,"1/20/2019","20:38","Ewallet",106.88,17.7427113636364,4.1,"Sedikit","Murah","Sangat Buruk",0.096535210691116,0.0965352106911159
"121","638-60-7125","Electronic accessories",99.56,8,"2/14/2019","17:03","Credit card",796.48,39.824,5.2,"Sangat Banyak","Mahal","Buruk",0.802181609807011,0.802181609807011
"122","659-36-1684","Sports and travel",57.12,7,"1/12/2019","12:02","",399.84,19.992,6.5,"Banyak","Sedang","Normal",0.396312138018542,0.396312138018541
"123","219-22-9386","Sports and travel",99.96,9,"3/9/2019","17:26","Credit card",899.64,44.982,4.2,"Sangat Banyak","Mahal","Sangat Buruk",0.907742054315126,0.907742054315125
"124","336-78-2147","Home and lifestyle",63.91,8,"3/13/2019","19:52","Credit card",511.28,25.564,4.6,"Sangat Banyak","Sedang","Sangat Buruk",0.51034525100792,0.510345251007918
"125","268-27-6179","Fashion accessories",56.47,8,"3/9/2019","14:57","Ewallet",451.76,22.588,7.3,"Sangat Banyak","Sedang","Normal",0.449440271780284,0.449440271780283
"126","668-90-8900","Home and lifestyle",93.69,7,"3/10/2019","18:44","",655.83,32.7915,4.5,"Banyak","Mahal","Sangat Buruk",0.658258805230952,0.658258805230951
"127","870-54-3162","Sports and travel",32.25,5,"1/27/2019","13:26","Cash",161.25,8.0625,9,"Sedang","Sangat Murah","Sangat Bagus",0.152170353846469,0.152170353846468
"128","189-08-9157","Fashion accessories",31.73,9,"1/8/2019","16:17","Credit card",285.57,14.2785,6.5,"Sangat Banyak","Sangat Murah","Normal",0.279383173362258,0.279383173362257
"129","663-86-9076","Food and beverages",68.54,8,"1/8/2019","15:57","Ewallet",548.32,27.416,8.5,"Sangat Banyak","Sedang","Bagus",0.548247139962753,0.548247139962753
"130","549-84-7482","Sports and travel",90.28,9,"2/8/2019","11:15","Ewallet",812.52,40.626,6.5,"Sangat Banyak","Mahal","Normal",0.81859484681661,0.818594846816609
"131","191-10-6171","Fashion accessories",39.62,7,"1/25/2019","13:18","Cash",277.34,13.867,6.5,"Banyak","Murah","Normal",0.270961668338006,0.270961668338006
"132","802-70-5316","Sports and travel",92.13,6,"3/6/2019","20:34","Cash",552.78,27.639,8.3,"Banyak","Mahal","Bagus",0.552810920328265,0.552810920328264
"133","695-51-0018","Sports and travel",34.84,4,"2/10/2019","18:36","Cash",139.36,6.968,7.4,"Sedang","Murah","Normal",0.129770992366412,0.129770992366412
"134","590-83-4591","Electronic accessories",87.45,6,"2/17/2019","14:40","Credit card",524.7,26.235,8.8,"Banyak","Mahal","Sangat Bagus",0.524077522870065,0.524077522870064
"135","483-71-1164","Health and beauty",81.3,6,"3/8/2019","16:43","Ewallet",487.8,24.39,5.3,"Banyak","Mahal","Buruk",0.486318891594867,0.486318891594866
"136","597-78-7908","Fashion accessories",90.22,3,"2/18/2019","19:39","",270.66,13.533,6.2,"Sedikit","Mahal","Buruk",0.264126230481141,0.264126230481141
"137","700-81-1757","Electronic accessories",26.31,5,"1/18/2019","20:59","Credit card",131.55,17.7427113636364,8.8,"Sedang","Sangat Murah","Sangat Bagus",0.121779260381065,0.121779260381065
"138","354-39-5160","Home and lifestyle",34.42,6,"2/18/2019","15:39","Cash",206.52,10.326,9.8,"Banyak","Murah","Sangat Bagus",0.198493747825553,0.198493747825553
"139","241-72-9525","Sports and travel",51.91,10,"2/16/2019","12:21","Cash",519.1,25.955,8.2,"Sangat Banyak","Murah","Bagus",0.518347215684669,0.518347215684669
"140","575-30-8091","Sports and travel",72.5,8,"3/16/2019","19:25","Ewallet",580,29,9.2,"Sangat Banyak","Sedang","Sangat Bagus",0.58066430632585,0.580664306325848
"141","731-81-9469","Sports and travel",89.8,10,"1/23/2019","13:00","Credit card",898,44.9,5.4,"Sangat Banyak","Mahal","Buruk",0.906063892925117,0.906063892925117
"142","280-17-4359","Health and beauty",90.5,10,"1/25/2019","13:48","Cash",905,45.25,8.1,"Sangat Banyak","Mahal","Bagus",0.913226776906862,0.91322677690686
"143","338-65-2210","Health and beauty",68.6,10,"2/5/2019","19:57","Cash",686,34.3,9.1,"Sangat Banyak","Sedang","Sangat Bagus",0.689130835192272,0.689130835192272
"144","488-25-4221","Food and beverages",30.41,1,"2/22/2019","10:36","Credit card",30.41,1.5205,8.4,"Sedikit","Sangat Murah","Bagus",0.0182858195362544,0.0182858195362544
"145","239-10-7476","Home and lifestyle",77.95,6,"1/21/2019","16:37","Ewallet",467.7,17.7427113636364,8,"Banyak","Mahal","Bagus",0.465751181875857,0.465751181875857
"146","458-41-1477","Health and beauty",46.26,6,"3/8/2019","17:11","Credit card",277.56,13.878,9.5,"Banyak","Murah","Sangat Bagus",0.271186787548861,0.27118678754886
"147","685-64-1609","Fashion accessories",30.14,10,"2/10/2019","12:28","Ewallet",301.4,15.07,9.2,"Sangat Banyak","Sangat Murah","Sangat Bagus",0.295581523852404,0.295581523852403
"148","568-90-5112","Health and beauty",66.14,4,"3/19/2019","12:46","Credit card",264.56,13.228,5.6,"Sedang","Sedang","Buruk",0.257884288725621,0.25788428872562
"149","262-47-2794","Home and lifestyle",71.86,8,"3/6/2019","15:07","",574.88,28.744,6.2,"Sangat Banyak","Sedang","Buruk",0.575425168327773,0.575425168327773
"150","238-49-0436","Health and beauty",32.46,8,"3/27/2019","13:48","",259.68,12.984,4.9,"Sangat Banyak","Sangat Murah","Sangat Buruk",0.252890735321204,0.252890735321204
"151","608-96-3517","Fashion accessories",91.54,4,"3/23/2019","19:20","Credit card",366.16,18.308,4.8,"Sedang","Mahal","Sangat Buruk",0.361848433374946,0.361848433374945
"152","584-86-7256","Sports and travel",34.56,7,"3/11/2019","16:07","",241.92,17.7427113636364,7.3,"Banyak","Murah","Normal",0.234717475390377,0.234717475390377
"153","746-94-0204","Fashion accessories",83.24,9,"1/29/2019","11:56","Credit card",749.16,37.458,7.4,"Sangat Banyak","Mahal","Normal",0.753760514090416,0.753760514090416
"154","214-17-6927","Food and beverages",16.48,6,"2/7/2019","18:23","Ewallet",98.88,4.944,9.9,"Banyak","Sangat Murah","Sangat Bagus",0.0883490575691218,0.0883490575691216
"155","400-89-4171","Sports and travel",80.97,8,"1/28/2019","13:05","",647.76,32.388,9.3,"Sangat Banyak","Mahal","Sangat Bagus",0.65000102326914,0.650001023269139
"156","782-95-9291","Food and beverages",92.29,5,"2/20/2019","15:55","Credit card",461.45,23.0725,9,"Sedang","Mahal","Sangat Bagus",0.459355749749299,0.459355749749299
"157","279-74-2924","Electronic accessories",72.17,1,"1/4/2019","19:40","Cash",72.17,3.6085,6.1,"Sedikit","Sedang","Buruk",0.0610175388330639,0.0610175388330638
"158","307-85-2293","Home and lifestyle",50.28,5,"3/7/2019","13:58","Ewallet",251.4,12.57,9.7,"Sedang","Murah","Sangat Bagus",0.24441806683994,0.24441806683994
"159","743-04-1105","Health and beauty",97.22,9,"3/30/2019","14:43","Ewallet",874.98,43.749,6,"Sangat Banyak","Mahal","Buruk",0.882508237316579,0.882508237316577
"160","423-57-2993","Sports and travel",93.39,6,"3/27/2019","19:18","Ewallet",560.34,28.017,10,"Banyak","Mahal","Sangat Bagus",0.560546835028549,0.560546835028549
"161","894-41-5205","Food and beverages",43.18,8,"1/19/2019","19:39","Credit card",345.44,17.272,8.3,"Sangat Banyak","Murah","Bagus",0.340646296788981,0.34064629678898
"162","275-28-0149","Sports and travel",63.69,1,"2/25/2019","16:21","Cash",63.69,3.1845,6,"Sedikit","Sedang","Buruk",0.0523402165237501,0.0523402165237499
"163","101-17-6199","Food and beverages",45.79,7,"3/13/2019","19:44","Credit card",320.53,16.0265,6.5,"Banyak","Murah","Normal",0.315156662505372,0.315156662505371
"164","423-80-0988","Sports and travel",76.4,2,"1/30/2019","19:42","",152.8,17.7427113636364,6.5,"Sedikit","Sedang","Normal",0.143523729611362,0.143523729611362
"165","548-46-9322","Food and beverages",39.9,10,"2/20/2019","15:24","Credit card",399,19.95,5.9,"Sangat Banyak","Murah","Buruk",0.395452591940732,0.395452591940732
"166","505-02-0892","Health and beauty",42.57,8,"2/25/2019","14:12","",340.56,17.028,5.6,"Sangat Banyak","Murah","Buruk",0.335652743384565,0.335652743384565
"167","234-65-2137","Home and lifestyle",95.58,10,"1/16/2019","13:32","",955.8,47.79,4.8,"Sangat Banyak","Mahal","Sangat Buruk",0.965208849231525,0.965208849231524
"168","687-47-8271","Fashion accessories",98.98,10,"2/8/2019","16:20","Credit card",989.8,49.49,8.7,"Sangat Banyak","Mahal","Bagus",1,1
"169","796-32-9050","Food and beverages",51.28,6,"1/19/2019","16:31","",307.68,15.384,6.5,"Banyak","Murah","Normal",0.302007654053169,0.302007654053169
"170","105-31-1824","Sports and travel",69.52,7,"2/1/2019","15:10","Credit card",486.64,24.332,8.5,"Banyak","Sedang","Bagus",0.485131899392178,0.485131899392177
"171","249-42-3782","Health and beauty",70.01,5,"1/3/2019","11:36","Ewallet",350.05,17.5025,5.5,"Sedang","Sedang","Buruk",0.34536356752553,0.34536356752553
"172","316-55-4634","Food and beverages",80.05,5,"1/26/2019","12:45","Credit card",400.25,20.0125,9.4,"Sedang","Mahal","Sangat Bagus",0.396731678366044,0.396731678366044
"173","733-33-4967","Electronic accessories",20.85,8,"3/3/2019","19:17","",166.8,17.7427113636364,6.3,"Sangat Banyak","Sangat Murah","Buruk",0.157849497574852,0.157849497574852
"174","608-27-6295","Electronic accessories",52.89,6,"1/19/2019","17:34","Credit card",317.34,15.867,9.8,"Banyak","Murah","Sangat Bagus",0.311892433947977,0.311892433947977
"175","414-12-7047","Food and beverages",19.79,8,"1/18/2019","12:04","Ewallet",158.32,17.7427113636364,8.7,"Sangat Banyak","Sangat Murah","Bagus",0.149172175265538,0.149172175265538
"176","827-26-2100","Home and lifestyle",33.84,9,"3/21/2019","16:21","Ewallet",304.56,15.228,8.8,"Sangat Banyak","Murah","Sangat Bagus",0.298815054335591,0.298815054335591
"177","175-54-2529","Food and beverages",22.17,8,"3/3/2019","17:01","Credit card",177.36,8.868,9.6,"Sangat Banyak","Sangat Murah","Sangat Bagus",0.168655219695884,0.168655219695884
"178","139-52-2867","Fashion accessories",22.51,7,"2/13/2019","10:50","Credit card",157.57,7.8785,4.8,"Banyak","Sangat Murah","Sangat Buruk",0.148404723410351,0.148404723410351
"179","407-63-8975","Food and beverages",73.88,6,"3/23/2019","19:16","Ewallet",443.28,22.164,4.4,"Banyak","Sedang","Sangat Buruk",0.44076294947097,0.44076294947097
"180","342-65-4817","Health and beauty",86.8,3,"1/28/2019","16:47","Ewallet",260.4,13.02,9.9,"Sedikit","Mahal","Sangat Bagus",0.253627489102184,0.253627489102184
"181","130-98-8941","Fashion accessories",64.26,7,"2/9/2019","10:00","",449.82,22.491,5.7,"Banyak","Sedang","Buruk",0.4474551296482,0.4474551296482
"182","434-83-9547","Food and beverages",38.47,8,"1/23/2019","11:51","Cash",307.76,17.7427113636364,7.7,"Sangat Banyak","Murah","Bagus",0.302089515584389,0.302089515584389
"183","851-28-6367","Sports and travel",15.5,10,"3/23/2019","10:55","Ewallet",155,7.75,8,"Sangat Banyak","Sangat Murah","Bagus",0.145774921719911,0.14577492171991
"184","824-88-3614","Health and beauty",34.31,8,"1/25/2019","15:00","Ewallet",274.48,13.724,6.5,"Sangat Banyak","Murah","Normal",0.268035118596893,0.268035118596892
"185","586-25-0848","Sports and travel",12.34,7,"3/4/2019","11:19","Credit card",86.38,4.319,6.5,"Banyak","Sangat Murah","Normal",0.075558193316006,0.0755581933160058
"186","895-66-0685","Food and beverages",18.08,3,"3/5/2019","19:46","Ewallet",54.24,2.712,8,"Sedikit","Sangat Murah","Bagus",0.0426703231483945,0.0426703231483944
"187","305-14-0245","Home and lifestyle",94.49,8,"3/3/2019","19:00","Ewallet",755.92,37.796,7.5,"Sangat Banyak","Mahal","Normal",0.760677813478501,0.7606778134785
"188","732-04-5373","Home and lifestyle",46.47,4,"2/8/2019","10:53","",185.88,9.294,7,"Sedang","Murah","Normal",0.177373472770808,0.177373472770808
"189","400-60-7251","Home and lifestyle",74.07,1,"2/10/2019","12:50","Ewallet",74.07,3.7035,9.9,"Sedikit","Sedang","Sangat Bagus",0.0629617501995375,0.0629617501995374
"190","593-65-1552","Home and lifestyle",69.81,4,"1/28/2019","20:50","Credit card",279.24,13.962,5.9,"Sedang","Sedang","Buruk",0.27290587970448,0.272905879704479
"191","284-34-9626","Home and lifestyle",77.04,3,"2/11/2019","10:39","Credit card",231.12,11.556,7.2,"Sedikit","Sedang","Normal",0.223666168675685,0.223666168675685
"192","437-58-8131","Fashion accessories",73.52,2,"1/15/2019","13:41","Ewallet",147.04,7.352,4.6,"Sedikit","Sedang","Sangat Buruk",0.137629699363527,0.137629699363526
"193","286-43-6208","Food and beverages",87.8,9,"3/16/2019","19:08","Cash",790.2,17.7427113636364,9.2,"Sangat Banyak","Mahal","Sangat Bagus",0.795755479606246,0.795755479606244
"194","641-43-2399","Home and lifestyle",25.55,4,"1/26/2019","20:23","Ewallet",102.2,5.11,5.7,"Sedang","Sangat Murah","Buruk",0.0917463111147494,0.0917463111147492
"195","831-07-6050","Electronic accessories",32.71,5,"3/19/2019","11:30","Credit card",163.55,8.1775,9.9,"Sedang","Sangat Murah","Sangat Bagus",0.154523872869042,0.154523872869042
"196","556-86-3144","Fashion accessories",74.29,1,"1/13/2019","19:30","",74.29,3.7145,5,"Sedikit","Sedang","Sangat Buruk",0.0631868694103923,0.0631868694103922
"197","848-24-9445","Health and beauty",43.7,2,"3/26/2019","18:03","",87.4,4.37,4.9,"Sedikit","Murah","Sangat Buruk",0.0766019278390602,0.0766019278390601
"198","856-22-8149","Home and lifestyle",25.29,1,"3/23/2019","10:13","Ewallet",25.29,1.2645,6.1,"Sedikit","Sangat Murah","Buruk",0.0130466815381782,0.0130466815381782
"199","699-01-4164","Health and beauty",41.5,4,"3/12/2019","19:58","",166,8.3,8.2,"Sedang","Murah","Bagus",0.157030882262653,0.157030882262653
"200","420-11-4919","Food and beverages",71.39,5,"2/17/2019","19:57","Credit card",356.95,17.8475,6.5,"Sedang","Sedang","Normal",0.35242412459325,0.35242412459325
"201","606-80-4905","Sports and travel",19.15,6,"1/29/2019","10:01","Credit card",114.9,5.745,6.8,"Banyak","Sangat Murah","Normal",0.104741829195915,0.104741829195915
"202","542-41-0513","Electronic accessories",57.49,4,"3/15/2019","11:57","Cash",229.96,11.498,6.6,"Sedang","Sedang","Normal",0.222479176472996,0.222479176472996
"203","426-39-2418","Electronic accessories",61.41,7,"1/14/2019","10:02","Cash",429.87,17.7427113636364,9.8,"Banyak","Sedang","Sangat Bagus",0.427040910300227,0.427040910300227
"204","875-46-5808","Health and beauty",25.9,10,"2/6/2019","14:51","Ewallet",259,12.95,8.7,"Sangat Banyak","Sangat Murah","Bagus",0.252194912305835,0.252194912305834
"205","394-43-4238","Home and lifestyle",17.77,5,"2/15/2019","12:42","Credit card",88.85,4.4425,5.4,"Sedang","Sangat Murah","Buruk",0.0780856680924217,0.0780856680924217
"206","749-24-1565","Health and beauty",23.03,9,"1/3/2019","12:02","Ewallet",207.27,10.3635,7.9,"Sangat Banyak","Sangat Murah","Bagus",0.19926119968074,0.19926119968074
"207","672-51-8681","Electronic accessories",66.65,9,"1/4/2019","18:19","",599.85,29.9925,9.7,"Sangat Banyak","Sedang","Sangat Bagus",0.600976198759798,0.600976198759798
"208","263-87-5680","Home and lifestyle",28.53,10,"3/18/2019","17:38","Ewallet",285.3,14.265,6.5,"Sangat Banyak","Sangat Murah","Normal",0.27910689069439,0.279106890694389
"209","573-58-9734","Fashion accessories",30.37,3,"3/28/2019","13:41","Ewallet",91.11,4.5555,5.1,"Sedikit","Sangat Murah","Sangat Buruk",0.080398256349385,0.080398256349385
"210","817-69-8206","Electronic accessories",99.73,9,"3/2/2019","19:42","",897.57,44.8785,6.5,"Sangat Banyak","Mahal","Normal",0.90562388719481,0.905623887194808
"211","888-02-0338","Electronic accessories",26.23,9,"1/25/2019","20:24","Ewallet",236.07,17.7427113636364,5.9,"Sangat Banyak","Sangat Murah","Buruk",0.228731350919919,0.228731350919919
"212","677-11-0152","Food and beverages",93.26,9,"1/16/2019","18:08","Cash",839.34,41.967,8.8,"Sangat Banyak","Mahal","Sangat Bagus",0.846038925158095,0.846038925158093
"213","142-63-6033","Home and lifestyle",92.36,5,"3/20/2019","19:17","Ewallet",461.8,23.09,4.9,"Sedang","Mahal","Sangat Buruk",0.459713893948386,0.459713893948386
"214","656-16-1063","Sports and travel",46.42,3,"1/4/2019","13:24","Credit card",139.26,6.963,6.5,"Sedikit","Murah","Normal",0.129668665452387,0.129668665452387
"215","891-58-8335","Sports and travel",29.61,7,"3/11/2019","15:53","Cash",207.27,10.3635,6.5,"Banyak","Sangat Murah","Normal",0.19926119968074,0.19926119968074
"216","802-43-8934","Home and lifestyle",18.28,1,"3/22/2019","15:05","Credit card",18.28,0.914,8.3,"Sedikit","Sangat Murah","Bagus",0.0058735648650308,0.0058735648650308
"217","560-30-5617","Sports and travel",24.77,5,"3/24/2019","18:27","Cash",123.85,6.1925,8.5,"Sedang","Sangat Murah","Bagus",0.113900088001146,0.113900088001146
"218","319-74-2561","Electronic accessories",94.64,3,"2/21/2019","16:55","Cash",283.92,14.196,5.5,"Sedikit","Mahal","Buruk",0.277694779280846,0.277694779280846
"219","549-03-9315","Fashion accessories",94.87,8,"2/12/2019","12:58","Ewallet",758.96,37.948,8.7,"Sangat Banyak","Mahal","Bagus",0.763788551664859,0.763788551664856
"220","790-29-1172","Food and beverages",57.34,3,"3/10/2019","18:59","Credit card",172.02,8.601,7.9,"Sedikit","Sedang","Bagus",0.163190962486953,0.163190962486953
"221","239-36-3640","Electronic accessories",45.35,6,"1/31/2019","13:44","",272.1,13.605,6.1,"Banyak","Murah","Buruk",0.2655997380431,0.2655997380431
"222","468-01-2051","Food and beverages",62.08,7,"3/6/2019","13:46","",434.56,21.728,5.4,"Banyak","Sedang","Buruk",0.431840042567996,0.431840042567995
"223","389-25-3394","Electronic accessories",11.81,5,"2/17/2019","18:06","Cash",59.05,2.9525,9.4,"Sedang","Sangat Murah","Sangat Bagus",0.0475922477129935,0.0475922477129933
"224","279-62-1445","Fashion accessories",12.54,1,"2/21/2019","12:38","",12.54,0.627,8.2,"Sedikit","Sangat Murah","Bagus",0,0
"225","213-72-6612","Food and beverages",43.25,2,"3/20/2019","15:56","Cash",86.5,4.325,6.2,"Sedikit","Murah","Buruk",0.0756809856128359,0.0756809856128357
"226","746-68-6593","Sports and travel",87.16,2,"1/11/2019","14:29","Credit card",174.32,8.716,9.7,"Sedikit","Mahal","Sangat Bagus",0.165544481509527,0.165544481509526
"227","836-82-5858","Health and beauty",69.37,9,"1/26/2019","19:14","",624.33,31.2165,4,"Sangat Banyak","Sedang","Sangat Buruk",0.6260258273131,0.626025827313098
"228","583-72-1480","Electronic accessories",37.06,4,"1/31/2019","16:24","Ewallet",148.24,7.412,9.7,"Sedang","Murah","Sangat Bagus",0.138857622331826,0.138857622331825
"229","466-61-5506","Electronic accessories",90.7,6,"2/26/2019","10:52","Cash",544.2,27.21,5.3,"Banyak","Mahal","Buruk",0.544031271104926,0.544031271104925
"230","721-86-6247","Home and lifestyle",63.42,8,"3/11/2019","12:55","Ewallet",507.36,25.368,6.5,"Sangat Banyak","Sedang","Normal",0.506334035978143,0.506334035978143
"231","289-65-5721","Fashion accessories",81.37,2,"1/26/2019","19:28","Cash",162.74,17.7427113636364,6.5,"Sedikit","Mahal","Normal",0.15369502486544,0.15369502486544
"232","545-46-3100","Electronic accessories",10.59,3,"3/12/2019","13:52","",31.77,1.5885,8.7,"Sedikit","Sangat Murah","Bagus",0.0196774655669934,0.0196774655669934
"233","418-02-5978","Health and beauty",84.09,9,"2/11/2019","10:54","Cash",756.81,37.8405,8,"Sangat Banyak","Mahal","Bagus",0.761588523013323,0.761588523013321
"234","269-04-5750","Fashion accessories",73.82,4,"2/21/2019","18:31","Cash",295.28,14.764,6.7,"Sedang","Sedang","Normal",0.289319116714078,0.289319116714078
"235","157-13-5295","Health and beauty",51.94,10,"3/9/2019","18:24","Ewallet",519.4,25.97,6.5,"Sangat Banyak","Murah","Normal",0.518654196426744,0.518654196426743
"236","645-78-8093","Sports and travel",93.14,2,"1/20/2019","18:09","Ewallet",186.28,9.314,4.1,"Sedikit","Mahal","Sangat Buruk",0.177782780426908,0.177782780426908
"237","211-30-9270","Health and beauty",17.41,5,"1/28/2019","15:16","",87.05,4.3525,4.9,"Sedang","Sangat Murah","Sangat Buruk",0.076243783639973,0.0762437836399729
"238","755-12-3214","Fashion accessories",44.22,5,"3/5/2019","17:07","Credit card",221.1,11.055,8.6,"Sedang","Murah","Bagus",0.213413011890387,0.213413011890387
"239","346-84-3103","Electronic accessories",13.22,5,"3/2/2019","19:26","Cash",66.1,3.305,4.3,"Sedang","Sangat Murah","Sangat Buruk",0.0548062951517508,0.0548062951517508
"240","478-06-7835","Fashion accessories",89.69,1,"1/11/2019","11:20","Ewallet",89.69,4.4845,4.9,"Sedikit","Mahal","Sangat Buruk",0.078945214170231,0.0789452141702308
"241","540-11-4336","Food and beverages",24.94,9,"1/11/2019","16:49","Credit card",224.46,17.7427113636364,5.6,"Sangat Banyak","Sangat Murah","Buruk",0.216851196201625,0.216851196201625
"242","448-81-5016","Health and beauty",59.77,2,"3/11/2019","12:01","Credit card",119.54,5.977,5.8,"Sedikit","Sedang","Buruk",0.109489798006672,0.109489798006672
"243","142-72-4741","Fashion accessories",93.2,2,"2/28/2019","18:37","",186.4,9.32,6.5,"Sedikit","Mahal","Normal",0.177905572723738,0.177905572723738
"244","217-58-1179","Home and lifestyle",62.65,4,"1/5/2019","11:25","Cash",250.6,12.53,6.5,"Sedang","Sedang","Normal",0.243599451527741,0.24359945152774
"245","376-02-8238","Home and lifestyle",93.87,8,"2/2/2019","18:42","Credit card",750.96,37.548,8.3,"Sangat Banyak","Mahal","Bagus",0.755602398542865,0.755602398542863
"246","530-90-9855","Home and lifestyle",47.59,8,"1/1/2019","14:47","",380.72,17.7427113636364,5.7,"Sangat Banyak","Murah","Buruk",0.376747232056976,0.376747232056975
"247","866-05-7563","Electronic accessories",81.4,3,"2/9/2019","19:43","Cash",244.2,12.21,4.8,"Sedikit","Mahal","Sangat Buruk",0.237050529030145,0.237050529030145
"248","604-70-6476","Fashion accessories",17.94,5,"1/23/2019","14:04","Ewallet",89.7,4.485,6.5,"Sedang","Sangat Murah","Normal",0.0789554468616335,0.0789554468616333
"249","799-71-1548","Electronic accessories",77.72,4,"1/7/2019","16:11","",310.88,17.7427113636364,8.8,"Sedang","Mahal","Sangat Bagus",0.305282115301967,0.305282115301967
"250","785-13-7708","Food and beverages",73.06,7,"1/14/2019","19:06","Credit card",511.42,25.571,4.2,"Banyak","Sedang","Sangat Buruk",0.510488508687555,0.510488508687553
