Id,MSSubClass,MSZoning,LotFrontage,LotArea,LotShape,LotConfig,LandSlope,Neighborhood,BldgType,HouseStyle,OverallQual,OverallCond,YearBuilt,YearRemodAdd,RoofMatl,MasVnrType,ExterQual,ExterCond,Foundation,BsmtQual,BsmtCond,BsmtExposure,BsmtFinType1,BsmtFinSF1,BsmtFinType2,BsmtFinSF2,BsmtUnfSF,TotalBsmtSF,Heating,HeatingQC,CentralAir,Electrical,1stFlrSF,2ndFlrSF,LowQualFinSF,GrLivArea,BsmtFullBath,BsmtHalfBath,FullBath,BedroomAbvGr,KitchenAbvGr,KitchenQual,TotRmsAbvGrd,Functional,Fireplaces,FireplaceQu,GarageType,GarageYrBlt,GarageFinish,GarageCars,GarageArea,GarageQual,GarageCond,PavedDrive,WoodDeckSF,OpenPorchSF,EnclosedPorch,3SsnPorch,ScreenPorch,PoolArea,PoolQC,Fence,MiscFeature,MiscVal,MoSold,YrSold,SaleType,SaleCondition,SalePrice
1461,1-STORY 1946+,RH,80,11622,0,Inside,0,NAmes,1Fam,1Story,5,6,1961,1961,CompShg,None,3,3,CBlock,3,3,0,3,468,3,144,270,882,GasA,3,1,5,896,0,0,896,0,0,1,2,1,3,5,0,0,0,Attchd,1961,1,1,730,3,3,2,140,0,0,0,120,0,0,3,,0,June,2010,WD,Normal,122579.168
1462,1-STORY 1946+,RL,81,14267,1,Corner,0,NAmes,1Fam,1Story,6,6,1958,1958,CompShg,BrkFace,3,3,CBlock,3,3,0,5,923,1,0,406,1329,GasA,3,1,5,1329,0,0,1329,0,0,1,3,1,4,6,0,0,0,Attchd,1958,1,1,312,3,3,2,393,36,0,0,0,0,0,0,Gar2,12500,June,2010,WD,Normal,157035.1612
1463,2-STORY 1946+,RL,74,13830,1,Inside,0,Gilbert,1Fam,2Story,5,5,1997,1998,CompShg,None,3,3,PConc,4,3,0,6,791,1,0,137,928,GasA,4,1,5,928,701,0,1629,0,0,2,3,1,3,6,0,1,3,Attchd,1997,3,2,482,3,3,2,212,34,0,0,0,0,0,3,,0,Mar,2010,WD,Normal,184240.4335
1464,2-STORY 1946+,RL,78,9978,1,Inside,0,Gilbert,1Fam,2Story,6,6,1998,1998,CompShg,BrkFace,3,3,PConc,3,3,0,6,602,1,0,324,926,GasA,5,1,5,926,678,0,1604,0,0,2,3,1,4,7,0,1,4,Attchd,1998,3,2,470,3,3,2,360,36,0,0,0,0,0,0,,0,June,2010,WD,Normal,183231.2666
1465,1-STORY PUD 1946+,RL,43,5005,1,Inside,0,StoneBr,TwnhsE,1Story,8,5,1992,1992,CompShg,None,4,3,PConc,4,3,0,5,263,1,0,1017,1280,GasA,5,1,5,1280,0,0,1280,0,0,2,2,1,4,5,0,0,0,Attchd,1992,2,2,506,3,3,2,0,82,0,0,144,0,0,0,,0,Jan,2010,WD,Normal,199204.4633
1466,2-STORY 1946+,RL,75,10000,1,Corner,0,Gilbert,1Fam,2Story,6,5,1993,1994,CompShg,None,3,3,PConc,4,3,0,1,0,1,0,763,763,GasA,4,1,5,763,892,0,1655,0,0,2,3,1,3,7,0,1,3,Attchd,1993,3,2,440,3,3,2,157,84,0,0,0,0,0,0,,0,Apr,2010,WD,Normal,175066.2938
1467,1-STORY 1946+,RL,,7980,1,Inside,0,Gilbert,1Fam,1Story,6,7,1992,2007,CompShg,None,3,4,PConc,4,3,0,5,935,1,0,233,1168,GasA,5,1,5,1187,0,0,1187,1,0,2,3,1,3,6,0,0,0,Attchd,1992,3,2,420,3,3,2,483,21,0,0,0,0,0,4,Shed,500,Mar,2010,WD,Normal,165834.2548
1468,2-STORY 1946+,RL,63,8402,1,Inside,0,Gilbert,1Fam,2Story,6,5,1998,1998,CompShg,None,3,3,PConc,4,3,0,1,0,1,0,789,789,GasA,4,1,5,789,676,0,1465,0,0,2,3,1,3,7,0,1,4,Attchd,1998,3,2,393,3,3,2,0,75,0,0,0,0,0,0,,0,May,2010,WD,Normal,164477.5473
1469,1-STORY 1946+,RL,85,10176,0,Inside,0,Gilbert,1Fam,1Story,7,5,1990,1990,CompShg,None,3,3,PConc,4,3,3,6,637,1,0,663,1300,GasA,4,1,5,1341,0,0,1341,1,0,1,2,1,4,5,0,1,1,Attchd,1990,1,2,506,3,3,2,192,0,0,0,0,0,0,0,,0,Feb,2010,WD,Normal,186737.8594
1470,1-STORY 1946+,RL,70,8400,0,Corner,0,NAmes,1Fam,1Story,4,5,1970,1970,CompShg,None,3,3,CBlock,3,3,0,5,804,3,78,0,882,GasA,3,1,5,882,0,0,882,1,0,1,2,1,3,4,0,0,0,Attchd,1970,3,2,525,3,3,2,240,0,0,0,0,0,0,3,,0,Apr,2010,WD,Normal,122233.0819
1471,1-STORY PUD 1946+,RH,26,5858,1,FR2,0,NAmes,TwnhsE,1Story,7,5,1999,1999,CompShg,None,4,3,PConc,4,3,0,6,1051,4,0,354,1405,GasA,5,1,5,1337,0,0,1337,1,0,2,2,1,4,5,0,1,2,Attchd,1999,3,2,511,3,3,2,203,68,0,0,0,0,0,0,,0,June,2010,WD,Normal,204613.8715
1472,2-STORY PUD 1946+,RM,21,1680,0,Inside,0,BrDale,Twnhs,2Story,6,5,1971,1971,CompShg,BrkFace,3,3,CBlock,3,3,0,3,156,1,0,327,483,GasA,3,1,5,483,504,0,987,0,0,1,2,1,3,5,0,0,0,Detchd,1971,1,1,264,3,3,2,275,0,0,0,0,0,0,0,,0,Feb,2010,COD,Normal,95397.6544
1473,2-STORY PUD 1946+,RM,21,1680,0,Inside,0,BrDale,Twnhs,2Story,5,5,1971,1971,CompShg,BrkFace,3,3,CBlock,3,3,0,3,300,1,0,225,525,GasA,3,1,5,525,567,0,1092,0,0,1,3,1,3,6,0,0,0,Detchd,1997,1,1,320,3,3,2,0,0,0,0,0,0,0,0,,0,Mar,2010,WD,Normal,96497.00628
1474,2-STORY PUD 1946+,RL,24,2280,0,FR2,0,NPkVill,Twnhs,2Story,6,6,1975,1975,CompShg,None,3,3,CBlock,3,3,0,5,514,1,0,341,855,GasA,3,1,5,855,601,0,1456,0,0,2,3,1,4,6,0,1,3,Attchd,1975,1,2,440,3,3,2,173,0,0,0,0,0,0,0,,0,June,2010,WD,Normal,152581.4327
1475,1-STORY PUD 1946+,RL,24,2280,0,FR2,0,NPkVill,Twnhs,1Story,7,6,1975,1975,CompShg,None,3,3,CBlock,4,3,0,1,0,1,0,836,836,GasA,5,1,5,836,0,0,836,0,0,1,2,1,3,4,0,0,0,Attchd,1975,1,1,308,3,3,2,0,30,0,0,0,0,0,0,,0,June,2010,WD,Normal,135653.8353
1476,2-STORY 1946+,RL,102,12858,1,Inside,0,NridgHt,1Fam,2Story,9,5,2009,2010,CompShg,Stone,5,3,PConc,5,3,0,1,0,1,0,1590,1590,GasA,5,1,5,1627,707,0,2334,0,0,2,3,1,5,10,0,1,4,Attchd,2009,3,3,751,3,3,2,144,133,0,0,0,0,0,0,,0,Jan,2010,New,Partial,389391.8855
1477,1-STORY 1946+,RL,94,12883,1,Corner,0,NridgHt,1Fam,1Story,8,5,2009,2010,CompShg,Stone,4,3,PConc,4,3,0,1,0,1,0,1544,1544,GasA,5,1,5,1544,0,0,1544,0,0,2,3,1,4,7,0,0,0,Attchd,2009,2,3,868,3,3,2,0,35,0,0,0,0,0,0,,0,June,2010,New,Partial,253782.0863
1478,1-STORY 1946+,RL,90,11520,0,Inside,0,NridgHt,1Fam,1Story,9,5,2005,2005,CompShg,BrkFace,4,3,PConc,5,3,0,6,110,1,0,1588,1698,GasA,5,1,5,1698,0,0,1698,0,0,2,3,1,5,7,0,1,4,Attchd,2005,3,3,730,3,3,2,192,74,0,0,0,0,0,0,,0,June,2010,WD,Normal,294210.0432
1479,1-STORY 1946+,RL,79,14122,1,Inside,0,NridgHt,1Fam,1Story,8,5,2005,2006,CompShg,BrkFace,4,3,PConc,5,3,0,6,28,1,0,1794,1822,GasA,5,1,5,1822,0,0,1822,0,0,2,3,1,5,8,0,1,4,Attchd,2005,2,3,678,3,3,2,0,119,0,0,0,0,0,0,,0,Feb,2010,WD,Normal,278945.4258
1480,1-STORY 1946+,RL,110,14300,0,Inside,1,NridgHt,1Fam,1Story,9,5,2003,2004,CompShg,BrkFace,5,3,PConc,5,3,3,6,1373,1,0,1473,2846,GasA,5,1,5,2696,0,0,2696,1,0,2,3,1,5,10,0,2,4,Attchd,2003,3,3,958,3,3,2,220,150,0,0,0,0,0,0,,0,June,2010,WD,Normal,474559.3651
1481,2-STORY 1946+,RL,105,13650,0,Corner,0,NridgHt,1Fam,2Story,8,5,2002,2002,CompShg,BrkFace,4,3,PConc,4,3,3,6,578,1,0,1093,1671,GasA,5,1,5,1687,563,0,2250,1,0,2,3,1,4,7,0,1,5,Attchd,2002,3,3,756,3,3,2,238,130,0,0,0,0,0,0,,0,June,2010,WD,Normal,324021.2656
1482,1-STORY PUD 1946+,RL,41,7132,1,Inside,0,NridgHt,TwnhsE,1Story,8,5,2006,2006,CompShg,Stone,4,3,PConc,4,3,1,6,24,1,0,1346,1370,GasA,5,1,5,1370,0,0,1370,0,0,2,2,1,4,6,0,1,4,Attchd,2006,2,2,484,3,3,2,120,49,0,0,0,0,0,0,,0,Apr,2010,WD,Normal,205949.4514
1483,1-STORY 1946+,RL,100,18494,1,Corner,0,Gilbert,1Fam,1Story,6,5,2005,2005,CompShg,None,4,3,PConc,4,3,0,1,0,1,0,1324,1324,GasA,5,1,5,1324,0,0,1324,0,0,2,3,1,4,6,0,0,0,Attchd,2005,3,2,430,3,3,2,36,23,0,0,0,0,0,0,,0,Jan,2010,WD,Normal,170803.0649
1484,1-STORY PUD 1946+,RL,43,3203,0,Inside,0,Blmngtn,TwnhsE,1Story,7,5,2006,2006,CompShg,BrkFace,4,3,PConc,4,3,2,6,16,1,0,1129,1145,GasA,5,1,5,1145,0,0,1145,0,0,2,2,1,4,6,0,0,0,Attchd,2006,3,2,437,3,3,2,100,116,0,0,0,0,0,0,,0,Jan,2010,WD,Normal,176055.1394
1485,SPLIT OR MULTI-LEVEL,RL,67,13300,1,Inside,0,Gilbert,1Fam,SLvl,7,5,2004,2004,CompShg,None,4,3,PConc,4,3,0,6,326,1,0,58,384,GasA,5,1,5,744,630,0,1374,1,0,2,3,1,4,7,0,1,4,BuiltIn,2004,3,2,400,3,3,2,100,0,0,0,0,0,0,0,,0,June,2010,WD,Normal,177761.6101
1486,2-STORY 1946+,RL,63,8577,1,Inside,0,Gilbert,1Fam,2Story,7,5,2004,2004,CompShg,None,4,3,PConc,4,3,0,1,0,1,0,847,847,GasA,5,1,5,847,886,0,1733,0,0,2,3,1,4,7,0,1,4,BuiltIn,2004,3,2,433,3,3,2,144,48,0,0,0,0,0,0,,0,Apr,2010,WD,Normal,191896.2504
1487,2-STORY 1946+,RL,60,17433,2,CulDSac,0,NoRidge,1Fam,2Story,8,5,1998,1998,CompShg,BrkFace,4,3,PConc,5,3,0,1,0,1,0,1629,1629,GasA,5,1,5,1645,830,0,2475,0,0,2,4,1,4,7,0,1,3,Attchd,1998,3,3,962,3,3,2,23,172,0,0,256,0,0,0,,0,Jan,2010,WD,Normal,355159.5636
1488,1-STORY 1946+,RL,73,8987,0,Inside,0,Somerst,1Fam,1Story,8,5,2005,2006,CompShg,BrkFace,4,3,PConc,4,3,0,1,0,1,0,1595,1595,GasA,5,1,5,1595,0,0,1595,0,0,2,2,1,4,6,0,1,4,Attchd,2005,2,3,880,3,3,2,144,0,0,0,0,0,0,0,,0,May,2010,WD,Normal,238546.9706
1489,1-STORY 1946+,FV,92,9215,0,Inside,0,Somerst,1Fam,1Story,7,5,2009,2010,CompShg,None,4,3,PConc,4,3,0,1,0,1,0,1218,1218,GasA,5,1,5,1218,0,0,1218,0,0,2,2,1,4,4,0,0,0,Attchd,2009,2,2,676,3,3,2,0,136,0,0,0,0,0,0,,0,Apr,2010,New,Partial,201910.9054
1490,1-STORY 1946+,FV,84,10440,0,Corner,0,Somerst,1Fam,1Story,6,5,2005,2005,CompShg,None,4,3,PConc,5,3,0,6,1414,1,0,54,1468,GasA,5,1,5,1468,0,0,1468,1,0,2,2,1,4,6,0,1,4,Attchd,2005,3,2,528,3,3,2,0,102,0,0,216,0,0,0,,0,May,2010,WD,Normal,210612.9819
1491,2-STORY 1946+,RL,70,11920,0,Inside,0,SawyerW,1Fam,2Story,7,5,2004,2004,CompShg,BrkFace,4,3,PConc,4,3,2,1,0,1,0,831,831,GasA,5,1,5,831,828,0,1659,0,0,2,3,1,4,8,0,0,0,Attchd,2004,2,2,484,3,3,2,144,68,0,0,0,0,0,0,,0,Apr,2010,WD,Normal,190212.2407
1492,1-STORY 1945-,RH,70,9800,0,Corner,0,SawyerW,1Fam,1Story,5,5,1920,1950,CompShg,None,3,2,BrkTil,3,3,0,1,0,1,0,816,816,GasA,3,0,4,1012,0,0,1012,0,0,1,2,1,3,5,0,0,0,Detchd,1920,1,1,429,3,3,2,121,0,80,0,0,0,0,0,,0,Apr,2010,WD,Normal,94308.30628
1493,1-STORY 1946+,RL,39,15410,1,CulDSac,0,Sawyer,1Fam,1Story,6,6,1974,2002,CompShg,BrkCmn,3,4,CBlock,3,3,3,4,126,6,859,223,1208,GasA,5,1,5,1494,0,0,1494,1,0,2,3,1,3,7,0,2,2,Attchd,1974,3,2,461,3,3,2,296,0,186,0,0,0,0,4,,0,Apr,2010,WD,Abnorml,181127.9149
1494,2-STORY 1946+,RL,85,13143,1,Inside,0,NoRidge,1Fam,2Story,8,5,1993,1993,CompShg,BrkFace,4,3,PConc,4,3,0,2,250,6,981,0,1231,GasA,5,1,5,1251,1098,0,2349,1,0,2,4,1,4,9,0,1,3,Attchd,1993,2,3,762,3,3,2,32,130,0,0,0,0,0,0,,0,June,2010,WD,Normal,304239.2861
1495,2-STORY 1946+,RL,88,11134,0,Inside,0,NoRidge,1Fam,2Story,8,5,1992,1993,CompShg,BrkFace,4,3,PConc,4,3,0,6,1129,1,0,261,1390,GasA,5,1,5,1402,823,0,2225,1,0,2,4,1,4,7,0,1,3,Attchd,1992,2,3,713,3,3,2,198,30,0,0,0,0,0,0,,0,June,2010,WD,Normal,302603.7024
1496,1-STORY PUD 1946+,FV,25,4835,1,CulDSac,0,Somerst,TwnhsE,1Story,7,5,2004,2005,CompShg,None,4,3,PConc,5,3,2,6,1298,1,0,190,1488,GasA,5,1,5,1488,0,0,1488,1,0,2,2,1,4,6,0,1,4,Attchd,2004,3,2,506,3,3,2,168,50,0,0,0,0,0,0,,0,Mar,2010,WD,Normal,236011.5729
1497,2-STORY PUD 1946+,FV,39,3515,0,Inside,0,Somerst,TwnhsE,2Story,7,5,2004,2004,CompShg,None,4,3,PConc,4,3,0,1,0,1,0,840,840,GasA,5,1,5,840,840,0,1680,0,0,2,2,1,4,3,0,0,0,Attchd,2004,2,2,588,3,3,2,0,111,0,0,0,0,0,0,,0,Jan,2010,WD,Normal,184220.4763
1498,2-STORY PUD 1946+,FV,30,3215,0,Inside,0,Somerst,TwnhsE,2Story,7,5,2004,2004,CompShg,BrkFace,4,3,PConc,4,3,2,6,280,1,0,320,600,GasA,5,1,5,600,600,0,1200,0,0,2,2,1,4,4,0,0,0,Detchd,2004,2,2,480,3,3,2,0,172,0,0,0,0,0,0,,0,Apr,2010,ConLD,Normal,165371.7395
1499,2-STORY PUD 1946+,FV,24,2544,0,Inside,0,Somerst,Twnhs,2Story,7,5,2004,2005,CompShg,None,4,3,PConc,4,3,0,6,368,5,42,190,600,GasA,5,1,5,600,600,0,1200,1,0,2,2,1,4,4,0,0,0,Detchd,2004,2,2,480,3,3,2,0,172,0,0,0,0,0,0,,0,Feb,2010,WD,Normal,164046.8745
1500,2-STORY PUD 1946+,FV,24,2544,0,Inside,0,Somerst,Twnhs,2Story,6,5,2005,2005,CompShg,BrkFace,4,3,PConc,4,3,0,6,376,1,0,224,600,GasA,5,1,5,600,636,0,1236,1,0,2,2,1,4,4,0,0,0,Detchd,2005,2,2,480,3,3,2,0,166,0,0,0,0,0,0,,0,May,2010,WD,Normal,147400.8378
1501,2-STORY PUD 1946+,FV,,2980,0,Corner,0,Somerst,TwnhsE,2Story,6,5,2000,2000,CompShg,BrkFace,4,3,PConc,4,3,0,6,466,1,0,290,756,GasA,5,1,5,756,756,0,1512,1,0,2,2,1,4,5,0,0,0,Detchd,2000,1,2,440,3,3,2,0,32,0,0,0,0,0,0,,0,May,2010,WD,Normal,168079.7258
1502,2-STORY PUD 1946+,FV,,2403,1,FR2,0,Somerst,TwnhsE,2Story,7,5,2003,2003,CompShg,None,4,3,PConc,4,3,0,6,244,1,0,286,530,GasA,5,1,5,530,550,0,1080,0,0,2,2,1,4,4,0,0,0,Attchd,2003,2,2,496,3,3,2,0,50,0,0,0,0,0,0,,0,June,2010,WD,Normal,154254.3743
1503,1-STORY 1946+,FV,57,12853,1,Inside,0,Somerst,1Fam,1Story,8,5,2010,2010,CompShg,None,4,3,PConc,5,1,0,6,1032,1,0,610,1642,GasA,5,1,5,1418,0,0,1418,1,0,1,1,1,4,6,0,1,4,Attchd,2010,2,3,852,3,3,2,160,192,0,224,0,0,0,0,,0,Apr,2010,New,Partial,280054.8663
1504,2-STORY 1946+,FV,68,7379,1,Inside,0,Somerst,1Fam,2Story,8,5,2000,2000,CompShg,None,4,3,PConc,4,3,0,6,484,1,0,491,975,GasA,5,1,5,975,873,0,1848,1,0,2,3,1,4,7,0,1,3,Attchd,2000,2,2,592,3,3,2,280,184,0,0,0,0,0,0,,0,Apr,2010,WD,Normal,235220.188
1505,1-STORY 1946+,FV,80,8000,0,Inside,0,Somerst,1Fam,1Story,7,5,2002,2002,CompShg,None,4,3,PConc,4,3,0,6,833,1,0,659,1492,GasA,5,1,5,1492,0,0,1492,1,0,2,3,1,4,6,0,1,4,Attchd,2002,2,2,596,3,3,2,277,137,0,0,0,0,0,0,,0,Apr,2010,WD,Normal,225199.9526
1506,1-STORY 1946+,RL,,10456,1,Inside,0,NWAmes,1Fam,1Story,6,6,1967,1967,CompShg,BrkFace,3,3,CBlock,3,3,0,6,506,1,0,1323,1829,GasA,4,1,5,1829,0,0,1829,1,0,2,4,1,3,8,0,0,0,Attchd,1967,2,2,535,3,3,2,0,76,0,0,0,0,0,0,,0,May,2010,WD,Normal,176694.4754
1507,2-STORY 1946+,RL,80,10791,0,Inside,0,NWAmes,1Fam,2Story,6,5,1993,1993,CompShg,None,3,3,PConc,4,3,1,6,1137,1,0,143,1280,GasA,5,1,5,1280,1215,0,2495,1,0,2,4,1,4,9,0,1,3,Attchd,1993,1,2,660,3,3,2,224,32,0,0,0,0,0,0,,0,Mar,2010,WD,Normal,229684.8209
1508,1-1/2 STORY FIN,RL,,18837,1,Inside,0,NWAmes,1Fam,1.5Fin,6,5,1978,1978,CompShg,None,3,3,PConc,4,3,1,5,687,3,46,491,1224,GasA,3,1,5,1287,604,0,1891,0,1,3,3,1,3,7,0,1,3,Attchd,1978,2,2,678,3,3,2,0,69,0,0,0,0,0,0,,0,Apr,2010,WD,Normal,195856.4086
1509,2-STORY 1946+,RL,80,9600,0,Inside,0,NWAmes,1Fam,2Story,6,6,1971,1971,CompShg,None,3,3,CBlock,3,3,0,5,329,1,0,386,715,GasA,3,1,5,930,715,0,1645,0,0,1,4,1,3,7,0,0,0,Attchd,1971,2,2,441,3,3,2,0,78,0,0,0,0,0,2,,0,June,2010,WD,Normal,167854.604
1510,1-STORY 1946+,RL,80,9600,0,Inside,0,NAmes,1Fam,1Story,5,5,1966,1966,CompShg,BrkFace,3,3,CBlock,3,3,0,3,698,1,0,534,1232,GasA,3,1,5,1232,0,0,1232,1,0,1,3,1,3,6,0,0,0,Attchd,1966,2,2,490,3,3,2,0,224,0,0,0,0,0,0,,0,Apr,2010,WD,Normal,145531.0742
1511,1-STORY 1946+,RL,90,9900,0,Corner,0,NAmes,1Fam,1Story,5,5,1966,1966,CompShg,None,3,3,PConc,4,3,0,4,1059,1,0,150,1209,GasA,4,1,5,1209,0,0,1209,1,0,1,3,1,3,6,0,0,0,Attchd,1966,2,2,504,3,3,2,0,0,120,0,0,0,0,0,,0,Apr,2010,ConLD,Normal,148808.8202
1512,1-STORY 1946+,RL,88,9680,0,Inside,0,NAmes,1Fam,1Story,5,6,1967,1967,CompShg,BrkFace,3,3,CBlock,3,3,0,4,1010,1,0,500,1510,GasA,5,1,5,1510,0,0,1510,1,0,2,3,1,4,6,0,0,0,Attchd,1967,2,2,517,3,3,2,0,40,0,0,204,0,0,4,,0,Apr,2010,WD,Normal,175724.342
1513,SPLIT OR MULTI-LEVEL,RL,,10600,1,Inside,0,NAmes,1Fam,SLvl,6,5,1964,1964,CompShg,None,3,3,CBlock,3,3,0,1,0,1,0,533,533,GasA,3,1,5,1131,644,0,1775,0,0,2,3,1,3,8,0,0,0,Attchd,1964,1,2,480,3,3,2,0,172,0,0,0,0,0,0,,0,May,2010,COD,Family,141540.4086
1514,DUPLEX,RL,98,13260,1,Inside,0,NAmes,Duplex,1Story,5,6,1962,2001,CompShg,BrkFace,3,3,CBlock,3,3,0,4,1500,1,0,228,1728,GasA,3,1,5,1728,0,0,1728,2,0,2,6,2,3,10,0,0,0,,1962,0,0,0,0,0,2,0,0,0,0,0,0,0,0,,0,Jan,2010,Oth,Abnorml,150786.7703
1515,1-1/2 STORY FIN,RL,68,9724,0,Inside,0,NAmes,1Fam,1.5Fin,5,7,1952,2002,CompShg,BrkFace,4,3,CBlock,3,3,0,2,670,1,0,470,1140,GasA,4,1,5,1929,532,0,2461,0,0,2,3,1,3,7,2,2,4,Detchd,1994,1,2,400,3,3,2,0,0,0,0,0,0,0,2,,0,Mar,2010,WD,Normal,191242.8933
1516,1-1/2 STORY FIN,RL,120,17360,0,Corner,0,NAmes,1Fam,1.5Fin,6,6,1949,1950,CompShg,Stone,3,4,CBlock,3,3,0,3,300,1,0,482,782,GasA,3,1,5,1019,537,0,1556,0,0,2,3,1,3,6,0,1,4,Attchd,1949,1,2,470,3,3,2,0,0,150,0,0,0,0,0,,0,Jan,2010,WD,Normal,161403.6697
1517,SPLIT FOYER,RL,75,11380,1,Inside,0,NAmes,1Fam,SFoyer,6,8,1966,2008,CompShg,BrkFace,3,3,CBlock,3,3,3,6,944,1,0,136,1080,GasA,4,1,5,1128,0,0,1128,1,0,1,2,1,4,5,0,1,4,Attchd,1966,1,1,315,3,3,2,238,0,0,0,0,0,0,0,Shed,1500,Jan,2010,WD,Normal,156336.679
1518,DUPLEX,RL,70,8267,0,Corner,0,NAmes,Duplex,1Story,5,5,1958,1958,CompShg,None,3,3,CBlock,3,3,0,1,0,1,0,1604,1604,GasA,3,1,5,1604,0,0,1604,0,0,2,4,2,3,8,0,0,0,Attchd,1958,1,2,576,3,3,2,42,0,0,0,0,0,0,0,,0,Mar,2010,WD,Normal,136671.333
1519,1-STORY 1946+,RL,70,8197,0,Inside,0,NAmes,1Fam,1Story,7,5,2003,2009,CompShg,BrkFace,4,3,PConc,4,3,0,6,1188,1,0,292,1480,GasA,5,1,5,1480,0,0,1480,1,0,2,3,1,4,7,0,0,0,Attchd,2003,2,2,620,3,3,2,252,73,0,0,0,0,0,3,Shed,300,Feb,2010,WD,Normal,225070.8422
1520,1-STORY 1946+,RL,,8050,1,Inside,0,NAmes,1Fam,1Story,5,5,1959,1959,CompShg,BrkFace,3,3,CBlock,3,3,0,4,856,3,162,125,1143,GasA,3,1,5,1143,0,0,1143,1,0,1,3,1,3,6,0,0,0,Attchd,1959,2,1,308,3,3,2,0,0,0,0,0,0,0,4,,0,May,2010,WD,Normal,134946.5841
1521,1-STORY 1946+,RL,87,10725,1,Inside,0,NAmes,1Fam,1Story,5,5,1959,1959,CompShg,BrkFace,3,3,CBlock,3,3,0,3,936,1,0,270,1206,GasA,2,1,5,1206,0,0,1206,0,0,1,3,1,3,6,0,0,0,Attchd,1959,2,1,312,3,3,2,0,21,0,0,0,0,0,0,,0,May,2010,WD,Normal,138220.2669
1522,1-STORY 1946+,RL,80,10032,0,Inside,0,NAmes,1Fam,1Story,6,5,1959,1959,CompShg,Stone,3,3,CBlock,3,3,0,3,734,1,0,510,1244,GasA,5,1,5,1580,0,0,1580,1,0,1,3,1,3,6,0,2,4,Attchd,1956,1,2,440,3,3,2,0,28,0,0,160,0,0,2,,0,June,2010,WD,Normal,163890.7045
1523,1-1/2 STORY FIN,RL,60,8382,0,Inside,0,NAmes,1Fam,1.5Fin,4,5,1956,1956,CompShg,None,3,3,CBlock,3,3,0,1,0,1,0,832,832,GasA,3,1,4,832,505,0,1337,0,0,1,3,1,3,5,0,0,0,Attchd,1956,1,1,263,3,3,2,0,0,0,0,0,0,0,0,,0,Feb,2010,WD,Normal,114488.7256
1524,1-STORY 1946+,RL,60,10950,0,Inside,0,NAmes,1Fam,1Story,5,7,1952,1952,CompShg,None,3,3,CBlock,3,3,0,4,339,1,0,525,864,GasA,3,1,5,1064,0,0,1064,0,1,1,2,1,2,4,0,0,0,Detchd,1952,1,1,318,3,3,2,0,0,0,0,0,0,0,0,,0,May,2010,WD,Normal,126387.6349
1525,1-STORY 1946+,RL,119,10895,0,Corner,0,NAmes,1Fam,1Story,5,6,1955,1955,CompShg,None,3,4,CBlock,3,3,0,3,648,1,0,324,972,GasA,3,1,5,972,0,0,972,0,0,1,3,1,3,5,0,0,0,Attchd,1955,1,1,305,3,3,2,0,0,205,0,0,0,0,2,,0,June,2010,WD,Normal,127975.3143
1526,2 FAMILY CONVERSION,RL,70,13587,0,Inside,0,NAmes,2fmCon,1Story,5,5,1958,1958,CompShg,None,3,3,CBlock,3,3,2,3,532,1,0,456,988,GasA,3,1,5,988,0,0,988,1,0,1,2,1,3,5,0,0,0,Attchd,1958,1,1,264,3,3,2,0,0,0,0,0,0,0,0,,0,Apr,2010,WD,Abnorml,120310.909
1527,1-STORY 1945-,RL,65,7898,0,Corner,0,NAmes,1Fam,1Story,4,7,1920,1994,CompShg,None,3,3,BrkTil,3,3,0,1,0,1,0,576,576,GasA,4,1,5,985,0,0,985,0,1,1,2,1,3,4,0,0,0,Detchd,1989,1,2,676,3,3,0,0,0,0,0,0,0,0,0,,0,Apr,2010,WD,Normal,99982.25754
1528,1-1/2 STORY FIN,RL,60,8064,0,Inside,0,NAmes,1Fam,1.5Fin,6,8,1948,2004,CompShg,None,3,3,CBlock,3,3,0,5,481,3,174,161,816,GasA,3,1,5,816,408,0,1224,1,0,1,3,1,3,5,0,0,0,Detchd,1950,1,1,280,3,3,2,414,0,0,0,0,0,0,2,,0,May,2010,WD,Normal,130280.5697
1529,1-STORY 1946+,RL,81,7635,1,Corner,0,NAmes,1Fam,1Story,5,6,1960,1960,CompShg,None,3,3,CBlock,3,3,0,3,588,3,350,237,1175,GasA,5,1,5,1175,0,0,1175,0,0,1,3,1,3,6,0,0,0,Detchd,1960,2,2,484,3,3,2,0,0,0,0,0,0,0,0,,0,June,2010,WD,Normal,148419.3964
1530,1-STORY 1946+,RL,80,9760,0,Inside,1,NAmes,1Fam,1Story,6,7,1963,1984,CompShg,BrkFace,3,3,CBlock,3,3,3,4,717,3,263,415,1395,GasA,3,1,5,1395,0,0,1395,1,0,1,2,1,3,7,1,1,3,Attchd,1963,2,2,440,3,3,2,657,0,113,0,240,0,0,0,,0,May,2010,WD,Normal,178071.3436
1531,1-1/2 STORY FIN,RM,60,4800,0,Corner,0,OldTown,1Fam,1.5Fin,4,5,1900,1954,CompShg,BrkFace,3,3,PConc,3,3,0,5,48,1,0,661,709,GasA,3,1,5,1157,687,0,1844,1,0,1,3,1,3,9,2,2,4,Basment,1900,1,1,240,3,3,2,84,0,0,0,0,0,0,0,,0,Jan,2010,COD,Abnorml,100667.2272
1532,1-STORY 1945-,RM,56,4485,0,Inside,0,OldTown,1Fam,1Story,5,7,1920,1950,CompShg,None,3,3,PConc,3,3,0,4,579,1,0,357,936,GasA,3,1,5,936,0,0,936,1,0,1,2,1,3,5,0,1,4,,1920,0,0,0,0,0,1,51,0,135,0,0,0,0,3,,0,May,2010,WD,Normal,100326.792
1533,1-STORY 1946+,RM,69,5805,0,Inside,1,OldTown,1Fam,1Story,5,7,1957,1957,CompShg,None,3,3,CBlock,3,3,1,4,274,3,1073,0,1347,GasA,4,1,5,1347,0,0,1347,1,1,1,3,1,4,6,0,0,0,Detchd,1957,1,2,551,3,3,2,0,0,0,0,0,0,0,0,,0,June,2010,WD,Normal,142399.1838
1534,1-1/2 STORY UNF,RM,50,6900,0,Corner,0,OldTown,1Fam,1.5Fin,6,7,1938,2000,CompShg,None,3,3,PConc,4,3,0,1,0,1,0,827,827,GasA,4,1,5,827,424,0,1251,0,0,1,3,1,2,6,0,0,0,Detchd,1938,1,1,240,2,3,0,0,0,0,0,0,0,0,0,,0,Jan,2010,WD,Normal,120297.9064
1535,1-1/2 STORY FIN,RM,69,11851,0,Inside,0,OldTown,1Fam,1.5Fin,5,7,1948,2009,CompShg,None,3,4,BrkTil,3,3,0,4,780,1,0,247,1027,GasA,5,1,5,1027,606,0,1633,0,0,1,3,1,4,7,0,1,4,Detchd,1948,1,1,240,3,3,2,0,100,126,0,0,0,0,0,,0,June,2010,WD,Normal,155367.6103
1536,1-1/2 STORY FIN,RM,,8239,0,Inside,0,OldTown,1Fam,1.5Fin,5,6,1920,1962,CompShg,None,3,3,BrkTil,3,3,0,3,176,1,0,832,1008,GasA,3,1,5,1060,185,0,1245,0,0,1,3,1,3,6,0,0,0,Detchd,1962,1,1,315,3,3,2,0,0,334,0,0,0,0,0,,0,Mar,2010,WD,Normal,113060.0763
1537,1-STORY 1945-,RM,68,9656,0,Inside,0,OldTown,1Fam,1Story,2,2,1923,1970,CompShg,None,3,2,BrkTil,2,2,0,1,0,1,0,678,678,GasA,3,0,5,832,0,0,832,0,0,1,2,1,3,5,0,1,4,Detchd,1928,1,2,780,2,2,0,0,0,0,0,0,0,0,0,,0,June,2010,WD,Abnorml,68227.9669
1538,2-STORY 1945-,RM,60,9600,0,Corner,0,OldTown,1Fam,2Story,8,9,1900,2003,CompShg,None,4,4,BrkTil,3,3,0,1,0,1,0,930,930,GasW,3,0,5,930,636,0,1566,0,0,2,3,1,4,7,0,0,0,Detchd,1930,1,1,288,3,3,2,54,228,246,0,0,0,0,0,,0,Apr,2010,WD,Abnorml,171456.124
1539,2-STORY 1945-,RM,50,9000,0,Inside,0,OldTown,1Fam,2Story,8,9,1890,2002,CompShg,None,4,4,Stone,2,2,0,1,0,1,0,346,346,GasA,5,1,5,1157,1111,0,2268,0,0,3,3,1,4,7,0,0,0,Detchd,2003,1,2,624,3,3,0,0,108,0,0,0,0,0,0,,0,Apr,2010,WD,Normal,213020.227
1540,2 FAMILY CONVERSION,RM,100,9045,0,Inside,0,OldTown,2fmCon,2Story,5,3,1910,1950,CompShg,None,3,2,BrkTil,3,3,1,1,0,1,0,840,840,Grav,2,0,3,1128,1128,0,2256,0,0,2,4,2,2,12,0,0,0,,1910,0,0,0,0,0,0,0,18,18,0,0,0,0,0,,0,June,2010,WD,Abnorml,89953.60837
1541,2-STORY 1945-,RM,60,10560,0,Inside,0,OldTown,1Fam,2Story,6,7,1922,1994,CompShg,None,3,3,CBlock,2,3,0,3,283,1,0,455,738,GasA,5,1,5,868,602,0,1470,0,0,1,2,1,3,6,1,0,0,Detchd,1970,1,2,624,3,3,2,0,0,0,0,0,0,0,0,,0,June,2010,WD,Normal,145742.545
1542,1-1/2 STORY FIN,RM,53,5830,0,Corner,0,BrkSide,1Fam,1.5Fin,5,6,1950,1997,CompShg,None,3,4,CBlock,3,3,0,3,788,1,0,200,988,GasA,5,1,5,1030,582,0,1612,0,0,1,3,1,3,7,0,0,0,Detchd,1950,1,1,363,3,3,2,0,0,0,0,0,0,0,3,,0,Mar,2010,WD,Normal,136701.2598
1543,2-1/2 STORY,RL,,7793,1,Corner,0,BrkSide,1Fam,2.5Unf,7,7,1922,2005,CompShg,None,3,3,BrkTil,4,3,0,4,474,1,0,634,1108,GasA,3,0,4,1160,908,0,2068,0,0,1,3,1,4,8,0,1,4,Detchd,1928,1,1,315,3,3,2,0,0,60,0,0,0,0,0,,0,May,2010,WD,Normal,221460.4881
1544,1-STORY 1945-,RM,50,5000,0,Inside,0,BrkSide,1Fam,1Story,4,7,1925,1950,CompShg,None,3,3,BrkTil,3,3,0,3,188,1,0,577,765,GasA,3,0,3,765,0,0,765,1,0,1,2,1,4,4,0,0,0,Detchd,1926,1,1,200,2,3,1,135,0,41,0,0,0,0,3,,0,Apr,2010,WD,Normal,84036.77301
1545,1-1/2 STORY FIN,RM,50,6000,0,Inside,0,BrkSide,1Fam,1.5Fin,6,7,1939,1950,CompShg,None,3,3,BrkTil,3,4,0,4,452,3,12,144,608,GasA,3,1,5,608,524,0,1132,1,0,1,2,1,3,5,0,0,0,Detchd,1939,1,1,240,3,3,2,0,0,128,0,0,0,0,3,,0,Apr,2010,WD,Abnorml,99882.83894
1546,1-1/2 STORY FIN,RM,50,6000,0,Inside,0,BrkSide,1Fam,1.5Fin,6,6,1940,1950,CompShg,None,3,4,CBlock,3,3,0,2,264,1,0,308,572,GasA,5,1,4,848,348,0,1196,0,1,1,3,1,3,6,0,2,4,Detchd,1973,1,2,576,3,3,2,0,0,0,0,0,0,0,0,,0,Mar,2010,WD,Normal,121330.6203
1547,1-1/2 STORY FIN,RM,53,6360,0,Corner,0,BrkSide,1Fam,1.5Fin,5,6,1942,1950,CompShg,Stone,3,3,CBlock,3,3,0,3,360,3,159,316,835,GasA,3,1,4,955,498,0,1453,0,0,1,3,1,4,7,2,2,2,Detchd,1942,1,1,240,3,3,2,0,0,35,0,148,0,0,0,,0,Mar,2010,WD,Normal,135105.881
1548,1-1/2 STORY FIN,RM,50,6000,0,Inside,0,BrkSide,1Fam,1.5Fin,6,7,1948,1950,CompShg,None,3,3,CBlock,3,3,0,3,300,1,0,480,780,GasA,3,1,5,780,636,0,1416,0,0,1,3,1,3,6,0,0,0,Detchd,1948,1,1,312,3,3,1,221,0,48,0,0,0,0,0,,0,Mar,2010,WD,Normal,127969.4917
1549,1-1/2 STORY FIN,RM,52,6240,0,Inside,0,BrkSide,1Fam,1.5Fin,5,7,1936,1980,CompShg,None,3,3,CBlock,3,2,0,3,276,1,0,252,528,GasA,4,1,5,548,492,0,1040,0,0,1,2,1,3,5,0,0,0,Detchd,1979,3,2,624,3,3,1,306,0,32,0,0,0,0,0,,0,May,2010,WD,Normal,109195.3263
1550,1-1/2 STORY FIN,RM,52,6240,0,Inside,0,BrkSide,1Fam,1.5Fin,5,5,1930,1950,CompShg,None,3,3,BrkTil,3,3,0,2,448,1,0,480,928,GasA,3,1,3,928,608,0,1536,0,0,2,4,1,3,7,0,1,4,Detchd,1930,1,2,480,3,3,2,0,10,0,0,0,0,0,3,,0,Mar,2010,WD,Normal,138416.7597
1551,1-STORY 1945-,RM,51,6120,0,Inside,0,OldTown,1Fam,1Story,6,5,1923,1950,CompShg,None,3,3,BrkTil,2,2,0,5,960,1,0,164,1124,GasA,3,1,5,1068,0,0,1068,1,0,1,2,1,3,5,0,1,4,Detchd,1923,1,1,288,3,3,2,0,0,128,0,0,0,0,0,,0,Mar,2010,WD,Normal,112456.2216
1552,1-1/2 STORY FIN,RM,57,8094,0,Inside,0,OldTown,1Fam,1.5Fin,4,5,1915,1950,CompShg,None,3,2,CBlock,3,3,0,1,0,1,0,888,888,GasA,5,1,5,888,1074,0,1962,0,0,1,4,1,3,9,0,1,3,Detchd,1915,1,2,572,3,3,2,160,0,364,0,0,0,0,4,,0,June,2010,WD,Normal,122622.5501
1553,2-STORY 1945-,RM,60,12900,0,Inside,0,OldTown,1Fam,2Story,6,8,1912,2009,CompShg,None,4,4,PConc,3,3,0,1,0,1,0,780,780,GasA,5,1,5,780,780,0,1560,0,0,1,3,1,4,7,0,0,0,,1912,0,0,0,0,0,0,344,0,0,0,168,0,0,0,,0,May,2010,WD,Normal,156539.9723
1554,2-STORY 1945-,RM,52,3068,0,Inside,0,OldTown,1Fam,2Story,6,8,1920,1993,CompShg,None,3,4,BrkTil,3,3,0,1,0,1,0,662,662,GasA,5,1,5,662,662,0,1324,0,1,1,3,1,3,6,0,0,0,Detchd,1920,1,1,180,3,3,2,0,0,112,0,0,0,0,4,,0,Feb,2010,WD,Normal,112853.7228
1555,1-STORY 1946+,RL,100,15263,1,Inside,0,ClearCr,1Fam,1Story,5,5,1959,1959,CompShg,BrkFace,3,3,CBlock,4,3,0,3,766,1,0,656,1422,GasA,4,1,5,1675,0,0,1675,0,0,2,3,1,3,8,0,2,4,Attchd,1959,1,1,365,3,3,2,0,132,0,0,0,0,0,0,,0,May,2010,WD,Normal,164558.9788
1556,1-1/2 STORY FIN,RL,72,10632,1,Inside,0,ClearCr,1Fam,1.5Fin,5,3,1917,1950,CompShg,None,3,3,BrkTil,4,2,0,1,0,1,0,689,689,GasA,4,0,5,725,499,0,1224,0,0,1,3,1,0,6,3,0,0,Detchd,1917,1,1,180,2,2,0,0,0,248,0,0,0,0,0,,0,Jan,2010,COD,Normal,84708.55193
1557,2 FAMILY CONVERSION,RL,60,9900,0,Inside,0,SWISU,2fmCon,1.5Fin,5,4,1915,1950,CompShg,None,2,2,BrkTil,3,3,0,3,1026,1,0,186,1212,GasA,3,0,5,1212,180,0,1392,1,0,1,3,1,3,6,0,0,0,,1915,0,0,0,0,0,0,0,0,168,0,0,0,0,0,,0,Feb,2010,ConLD,Normal,105779.1566
1558,1-1/2 STORY FIN,RL,65,6001,1,Inside,1,SWISU,1Fam,1.5Fin,6,5,1940,1950,CompShg,None,3,3,CBlock,2,3,0,2,368,1,0,232,600,GasA,5,0,5,600,319,0,919,0,0,1,3,1,3,5,0,0,0,Detchd,1940,1,1,231,3,3,2,0,0,45,0,0,0,0,3,,0,Mar,2010,WD,Normal,89536.52243
1559,2-STORY 1945-,C,,6449,1,Inside,0,SWISU,1Fam,2Story,4,1,1907,1950,CompShg,None,3,3,CBlock,3,3,0,3,73,1,0,634,707,GasW,3,0,5,942,942,0,1884,0,0,1,4,1,3,7,0,0,0,,1907,0,0,0,0,0,0,0,0,239,0,0,0,0,0,,0,Mar,2010,WD,Abnorml,71484.70927
1560,2 FAMILY CONVERSION,RH,60,6048,0,Corner,0,SWISU,2fmCon,1.5Fin,5,7,1910,1950,CompShg,None,3,4,BrkTil,3,3,1,2,736,1,0,120,856,GasA,4,1,5,936,744,0,1680,1,0,2,2,2,3,7,0,1,4,Detchd,1910,1,2,450,3,2,1,56,144,0,0,0,0,0,0,,0,June,2010,COD,Normal,135536.5427